mail,day,time,date,time_final
mail.aryadip.sarkar,Friday,16:41,"Friday, March 11, 2016",4:41 PM
mail.aryadip.sarkar,Friday,19:31,"Friday, March 11, 2016",7:31 PM
mail.aryadip.sarkar,Friday,20:03,"Friday, March 11, 2016",8:03 PM
mail.aryadip.sarkar,Saturday,2:55,"Saturday, March 12, 2016",2:55 AM
mail.aryadip.sarkar,Saturday,6:23,"Saturday, March 12, 2016",6:23 AM
mail.aryadip.sarkar,Saturday,6:41,"Saturday, March 12, 2016",6:41 AM
mail.aryadip.sarkar,Saturday,7:03,"Saturday, March 12, 2016",7:03 AM
mail.aryadip.sarkar,Saturday,10:43,"Saturday, March 12, 2016",10:43 AM
mail.aryadip.sarkar,Saturday,13:07,"Saturday, March 12, 2016",1:07 PM
mail.aryadip.sarkar,Saturday,16:13,"Saturday, March 12, 2016",4:13 PM
mail.aryadip.sarkar,Saturday,16:13,"Saturday, March 12, 2016",4:13 PM
mail.aryadip.sarkar,Saturday,20:49,"Saturday, March 12, 2016",8:49 PM
mail.aryadip.sarkar,Saturday,23:09,"Saturday, March 12, 2016",11:09 PM
mail.aryadip.sarkar,Saturday,23:41,"Saturday, March 12, 2016",11:41 PM
mail.aryadip.sarkar,Saturday,23:41,"Saturday, March 12, 2016",11:41 PM
mail.aryadip.sarkar,Sunday,6:16,"Sunday, March 13, 2016",6:16 AM
mail.aryadip.sarkar,Sunday,6:41,"Sunday, March 13, 2016",6:41 AM
mail.aryadip.sarkar,Sunday,8:09,"Sunday, March 13, 2016",8:09 AM
mail.aryadip.sarkar,Sunday,11:43,"Sunday, March 13, 2016",11:43 AM
mail.aryadip.sarkar,Sunday,13:07,"Sunday, March 13, 2016",1:07 PM
mail.aryadip.sarkar,Sunday,23:19,"Sunday, March 13, 2016",11:19 PM
mail.aryadip.sarkar,Monday,0:37,"Monday, March 14, 2016",12:37 AM
mail.aryadip.sarkar,Monday,4:29,"Monday, March 14, 2016",4:29 AM
mail.aryadip.sarkar,Monday,5:40,"Monday, March 14, 2016",5:40 AM
mail.aryadip.sarkar,Monday,6:32,"Monday, March 14, 2016",6:32 AM
mail.aryadip.sarkar,Monday,8:43,"Monday, March 14, 2016",8:43 AM
mail.aryadip.sarkar,Monday,8:43,"Monday, March 14, 2016",8:43 AM
mail.aryadip.sarkar,Monday,10:00,"Monday, March 14, 2016",10:00 AM
mail.aryadip.sarkar,Monday,11:09,"Monday, March 14, 2016",11:09 AM
mail.aryadip.sarkar,Monday,11:09,"Monday, March 14, 2016",11:09 AM
mail.aryadip.sarkar,Monday,13:18,"Monday, March 14, 2016",1:18 PM
mail.aryadip.sarkar,Monday,15:00,"Monday, March 14, 2016",3:00 PM
mail.aryadip.sarkar,Monday,20:25,"Monday, March 14, 2016",8:25 PM
mail.aryadip.sarkar,Monday,22:43,"Monday, March 14, 2016",10:43 PM
mail.aryadip.sarkar,Tuesday,0:38,"Tuesday, March 15, 2016",12:38 AM
mail.aryadip.sarkar,Tuesday,6:40,"Tuesday, March 15, 2016",6:40 AM
mail.aryadip.sarkar,Tuesday,6:51,"Tuesday, March 15, 2016",6:51 AM
mail.aryadip.sarkar,Tuesday,10:32,"Tuesday, March 15, 2016",10:32 AM
mail.aryadip.sarkar,Tuesday,11:15,"Tuesday, March 15, 2016",11:15 AM
mail.aryadip.sarkar,Tuesday,11:15,"Tuesday, March 15, 2016",11:15 AM
mail.aryadip.sarkar,Tuesday,11:41,"Tuesday, March 15, 2016",11:41 AM
mail.aryadip.sarkar,Tuesday,11:41,"Tuesday, March 15, 2016",11:41 AM
mail.aryadip.sarkar,Tuesday,12:41,"Tuesday, March 15, 2016",12:41 PM
mail.aryadip.sarkar,Wednesday,5:12,"Wednesday, March 16, 2016",5:12 AM
mail.aryadip.sarkar,Wednesday,6:40,"Wednesday, March 16, 2016",6:40 AM
mail.aryadip.sarkar,Wednesday,6:41,"Wednesday, March 16, 2016",6:41 AM
mail.aryadip.sarkar,Wednesday,7:20,"Wednesday, March 16, 2016",7:20 AM
mail.aryadip.sarkar,Wednesday,8:56,"Wednesday, March 16, 2016",8:56 AM
mail.aryadip.sarkar,Wednesday,11:55,"Wednesday, March 16, 2016",11:55 AM
mail.aryadip.sarkar,Wednesday,12:41,"Wednesday, March 16, 2016",12:41 PM
mail.aryadip.sarkar,Wednesday,12:41,"Wednesday, March 16, 2016",12:41 PM
mail.aryadip.sarkar,Wednesday,12:58,"Wednesday, March 16, 2016",12:58 PM
mail.aryadip.sarkar,Wednesday,13:45,"Wednesday, March 16, 2016",1:45 PM
mail.aryadip.sarkar,Wednesday,13:45,"Wednesday, March 16, 2016",1:45 PM
mail.aryadip.sarkar,Wednesday,17:09,"Wednesday, March 16, 2016",5:09 PM
mail.aryadip.sarkar,Wednesday,18:06,"Wednesday, March 16, 2016",6:06 PM
mail.aryadip.sarkar,Thursday,6:37,"Thursday, March 17, 2016",6:37 AM
mail.aryadip.sarkar,Thursday,7:46,"Thursday, March 17, 2016",7:46 AM
mail.aryadip.sarkar,Thursday,7:49,"Thursday, March 17, 2016",7:49 AM
mail.aryadip.sarkar,Thursday,9:00,"Thursday, March 17, 2016",9:00 AM
mail.aryadip.sarkar,Thursday,11:12,"Thursday, March 17, 2016",11:12 AM
mail.aryadip.sarkar,Thursday,12:22,"Thursday, March 17, 2016",12:22 PM
mail.aryadip.sarkar,Thursday,13:35,"Thursday, March 17, 2016",1:35 PM
mail.aryadip.sarkar,Thursday,13:40,"Thursday, March 17, 2016",1:40 PM
mail.aryadip.sarkar,Thursday,14:09,"Thursday, March 17, 2016",2:09 PM
mail.aryadip.sarkar,Thursday,16:17,"Thursday, March 17, 2016",4:17 PM
mail.aryadip.sarkar,Thursday,16:32,"Thursday, March 17, 2016",4:32 PM
mail.aryadip.sarkar,Thursday,16:32,"Thursday, March 17, 2016",4:32 PM
mail.aryadip.sarkar,Thursday,19:19,"Thursday, March 17, 2016",7:19 PM
mail.aryadip.sarkar,Friday,4:49,"Friday, March 18, 2016",4:49 AM
mail.aryadip.sarkar,Friday,6:24,"Friday, March 18, 2016",6:24 AM
mail.aryadip.sarkar,Friday,6:41,"Friday, March 18, 2016",6:41 AM
mail.aryadip.sarkar,Friday,7:41,"Friday, March 18, 2016",7:41 AM
mail.aryadip.sarkar,Friday,8:24,"Friday, March 18, 2016",8:24 AM
mail.aryadip.sarkar,Friday,12:30,"Friday, March 18, 2016",12:30 PM
mail.aryadip.sarkar,Friday,16:18,"Friday, March 18, 2016",4:18 PM
mail.aryadip.sarkar,Friday,17:52,"Friday, March 18, 2016",5:52 PM
mail.aryadip.sarkar,Friday,17:52,"Friday, March 18, 2016",5:52 PM
mail.aryadip.sarkar,Friday,20:36,"Friday, March 18, 2016",8:36 PM
mail.aryadip.sarkar,Friday,21:07,"Friday, March 18, 2016",9:07 PM
mail.aryadip.sarkar,Saturday,4:47,"Saturday, March 19, 2016",4:47 AM
mail.aryadip.sarkar,Saturday,5:47,"Saturday, March 19, 2016",5:47 AM
mail.aryadip.sarkar,Saturday,6:39,"Saturday, March 19, 2016",6:39 AM
mail.aryadip.sarkar,Saturday,13:16,"Saturday, March 19, 2016",1:16 PM
mail.aryadip.sarkar,Saturday,17:13,"Saturday, March 19, 2016",5:13 PM
mail.aryadip.sarkar,Saturday,18:17,"Saturday, March 19, 2016",6:17 PM
mail.aryadip.sarkar,Saturday,18:17,"Saturday, March 19, 2016",6:17 PM
mail.aryadip.sarkar,Sunday,0:36,"Sunday, March 20, 2016",12:36 AM
mail.aryadip.sarkar,Sunday,2:19,"Sunday, March 20, 2016",2:19 AM
mail.aryadip.sarkar,Sunday,2:19,"Sunday, March 20, 2016",2:19 AM
mail.aryadip.sarkar,Sunday,6:31,"Sunday, March 20, 2016",6:31 AM
mail.aryadip.sarkar,Sunday,6:41,"Sunday, March 20, 2016",6:41 AM
mail.aryadip.sarkar,Sunday,7:11,"Sunday, March 20, 2016",7:11 AM
mail.aryadip.sarkar,Sunday,13:14,"Sunday, March 20, 2016",1:14 PM
mail.aryadip.sarkar,Sunday,14:09,"Sunday, March 20, 2016",2:09 PM
mail.aryadip.sarkar,Monday,4:28,"Monday, March 21, 2016",4:28 AM
mail.aryadip.sarkar,Monday,6:21,"Monday, March 21, 2016",6:21 AM
mail.aryadip.sarkar,Monday,6:34,"Monday, March 21, 2016",6:34 AM
mail.aryadip.sarkar,Monday,8:40,"Monday, March 21, 2016",8:40 AM
mail.aryadip.sarkar,Monday,8:56,"Monday, March 21, 2016",8:56 AM
mail.aryadip.sarkar,Monday,10:24,"Monday, March 21, 2016",10:24 AM
mail.aryadip.sarkar,Monday,10:40,"Monday, March 21, 2016",10:40 AM
mail.aryadip.sarkar,Monday,10:50,"Monday, March 21, 2016",10:50 AM
mail.aryadip.sarkar,Monday,12:38,"Monday, March 21, 2016",12:38 PM
mail.aryadip.sarkar,Monday,13:32,"Monday, March 21, 2016",1:32 PM
mail.aryadip.sarkar,Monday,13:45,"Monday, March 21, 2016",1:45 PM
mail.aryadip.sarkar,Monday,15:00,"Monday, March 21, 2016",3:00 PM
mail.aryadip.sarkar,Monday,20:25,"Monday, March 21, 2016",8:25 PM
mail.aryadip.sarkar,Monday,21:23,"Monday, March 21, 2016",9:23 PM
mail.aryadip.sarkar,Monday,22:29,"Monday, March 21, 2016",10:29 PM
mail.aryadip.sarkar,Tuesday,5:17,"Tuesday, March 22, 2016",5:17 AM
mail.aryadip.sarkar,Tuesday,6:15,"Tuesday, March 22, 2016",6:15 AM
mail.aryadip.sarkar,Tuesday,6:40,"Tuesday, March 22, 2016",6:40 AM
mail.aryadip.sarkar,Tuesday,8:12,"Tuesday, March 22, 2016",8:12 AM
mail.aryadip.sarkar,Tuesday,9:31,"Tuesday, March 22, 2016",9:31 AM
mail.aryadip.sarkar,Tuesday,10:06,"Tuesday, March 22, 2016",10:06 AM
mail.aryadip.sarkar,Tuesday,11:18,"Tuesday, March 22, 2016",11:18 AM
mail.aryadip.sarkar,Tuesday,11:18,"Tuesday, March 22, 2016",11:18 AM
mail.aryadip.sarkar,Tuesday,11:33,"Tuesday, March 22, 2016",11:33 AM
mail.aryadip.sarkar,Tuesday,13:10,"Tuesday, March 22, 2016",1:10 PM
mail.aryadip.sarkar,Tuesday,13:23,"Tuesday, March 22, 2016",1:23 PM
mail.aryadip.sarkar,Tuesday,14:05,"Tuesday, March 22, 2016",2:05 PM
mail.aryadip.sarkar,Tuesday,16:39,"Tuesday, March 22, 2016",4:39 PM
mail.aryadip.sarkar,Tuesday,17:15,"Tuesday, March 22, 2016",5:15 PM
mail.aryadip.sarkar,Wednesday,2:13,"Wednesday, March 23, 2016",2:13 AM
mail.aryadip.sarkar,Wednesday,4:35,"Wednesday, March 23, 2016",4:35 AM
mail.aryadip.sarkar,Wednesday,6:37,"Wednesday, March 23, 2016",6:37 AM
mail.aryadip.sarkar,Wednesday,6:39,"Wednesday, March 23, 2016",6:39 AM
mail.aryadip.sarkar,Wednesday,12:33,"Wednesday, March 23, 2016",12:33 PM
mail.aryadip.sarkar,Wednesday,12:33,"Wednesday, March 23, 2016",12:33 PM
mail.aryadip.sarkar,Wednesday,13:34,"Wednesday, March 23, 2016",1:34 PM
mail.aryadip.sarkar,Wednesday,16:01,"Wednesday, March 23, 2016",4:01 PM
mail.aryadip.sarkar,Wednesday,16:01,"Wednesday, March 23, 2016",4:01 PM
mail.aryadip.sarkar,Wednesday,16:01,"Wednesday, March 23, 2016",4:01 PM
mail.aryadip.sarkar,Wednesday,17:37,"Wednesday, March 23, 2016",5:37 PM
mail.aryadip.sarkar,Wednesday,21:52,"Wednesday, March 23, 2016",9:52 PM
mail.aryadip.sarkar,Wednesday,23:31,"Wednesday, March 23, 2016",11:31 PM
mail.aryadip.sarkar,Thursday,5:06,"Thursday, March 24, 2016",5:06 AM
mail.aryadip.sarkar,Thursday,7:03,"Thursday, March 24, 2016",7:03 AM
mail.aryadip.sarkar,Thursday,10:56,"Thursday, March 24, 2016",10:56 AM
mail.aryadip.sarkar,Thursday,12:07,"Thursday, March 24, 2016",12:07 PM
mail.aryadip.sarkar,Thursday,12:14,"Thursday, March 24, 2016",12:14 PM
mail.aryadip.sarkar,Thursday,12:14,"Thursday, March 24, 2016",12:14 PM
mail.aryadip.sarkar,Thursday,12:19,"Thursday, March 24, 2016",12:19 PM
mail.aryadip.sarkar,Thursday,14:15,"Thursday, March 24, 2016",2:15 PM
mail.aryadip.sarkar,Thursday,19:19,"Thursday, March 24, 2016",7:19 PM
mail.aryadip.sarkar,Friday,4:15,"Friday, March 25, 2016",4:15 AM
mail.aryadip.sarkar,Friday,6:32,"Friday, March 25, 2016",6:32 AM
mail.aryadip.sarkar,Friday,6:37,"Friday, March 25, 2016",6:37 AM
mail.aryadip.sarkar,Friday,6:37,"Friday, March 25, 2016",6:37 AM
mail.aryadip.sarkar,Friday,6:56,"Friday, March 25, 2016",6:56 AM
mail.aryadip.sarkar,Friday,8:13,"Friday, March 25, 2016",8:13 AM
mail.aryadip.sarkar,Friday,8:43,"Friday, March 25, 2016",8:43 AM
mail.aryadip.sarkar,Friday,9:30,"Friday, March 25, 2016",9:30 AM
mail.aryadip.sarkar,Friday,10:05,"Friday, March 25, 2016",10:05 AM
mail.aryadip.sarkar,Friday,10:08,"Friday, March 25, 2016",10:08 AM
mail.aryadip.sarkar,Friday,12:24,"Friday, March 25, 2016",12:24 PM
mail.aryadip.sarkar,Friday,20:41,"Friday, March 25, 2016",8:41 PM
mail.aryadip.sarkar,Friday,21:21,"Friday, March 25, 2016",9:21 PM
mail.aryadip.sarkar,Saturday,5:13,"Saturday, March 26, 2016",5:13 AM
mail.aryadip.sarkar,Saturday,5:13,"Saturday, March 26, 2016",5:13 AM
mail.aryadip.sarkar,Saturday,5:14,"Saturday, March 26, 2016",5:14 AM
mail.aryadip.sarkar,Saturday,7:08,"Saturday, March 26, 2016",7:08 AM
mail.aryadip.sarkar,Saturday,7:36,"Saturday, March 26, 2016",7:36 AM
mail.aryadip.sarkar,Saturday,7:58,"Saturday, March 26, 2016",7:58 AM
mail.aryadip.sarkar,Saturday,10:05,"Saturday, March 26, 2016",10:05 AM
mail.aryadip.sarkar,Saturday,19:31,"Saturday, March 26, 2016",7:31 PM
mail.aryadip.sarkar,Sunday,3:28,"Sunday, March 27, 2016",3:28 AM
mail.aryadip.sarkar,Sunday,3:28,"Sunday, March 27, 2016",3:28 AM
mail.aryadip.sarkar,Sunday,7:36,"Sunday, March 27, 2016",7:36 AM
mail.aryadip.sarkar,Sunday,10:02,"Sunday, March 27, 2016",10:02 AM
mail.aryadip.sarkar,Monday,4:29,"Monday, March 28, 2016",4:29 AM
mail.aryadip.sarkar,Monday,4:39,"Monday, March 28, 2016",4:39 AM
mail.aryadip.sarkar,Monday,4:39,"Monday, March 28, 2016",4:39 AM
mail.aryadip.sarkar,Monday,6:54,"Monday, March 28, 2016",6:54 AM
mail.aryadip.sarkar,Monday,7:45,"Monday, March 28, 2016",7:45 AM
mail.aryadip.sarkar,Monday,13:12,"Monday, March 28, 2016",1:12 PM
mail.aryadip.sarkar,Monday,15:00,"Monday, March 28, 2016",3:00 PM
mail.aryadip.sarkar,Monday,17:37,"Monday, March 28, 2016",5:37 PM
mail.aryadip.sarkar,Monday,18:31,"Monday, March 28, 2016",6:31 PM
mail.aryadip.sarkar,Monday,18:59,"Monday, March 28, 2016",6:59 PM
mail.aryadip.sarkar,Monday,20:30,"Monday, March 28, 2016",8:30 PM
mail.aryadip.sarkar,Monday,23:03,"Monday, March 28, 2016",11:03 PM
mail.aryadip.sarkar,Tuesday,4:47,"Tuesday, March 29, 2016",4:47 AM
mail.aryadip.sarkar,Tuesday,6:38,"Tuesday, March 29, 2016",6:38 AM
mail.aryadip.sarkar,Tuesday,6:42,"Tuesday, March 29, 2016",6:42 AM
mail.aryadip.sarkar,Tuesday,7:07,"Tuesday, March 29, 2016",7:07 AM
mail.aryadip.sarkar,Tuesday,8:08,"Tuesday, March 29, 2016",8:08 AM
mail.aryadip.sarkar,Tuesday,8:50,"Tuesday, March 29, 2016",8:50 AM
mail.aryadip.sarkar,Tuesday,9:17,"Tuesday, March 29, 2016",9:17 AM
mail.aryadip.sarkar,Tuesday,10:05,"Tuesday, March 29, 2016",10:05 AM
mail.aryadip.sarkar,Tuesday,10:32,"Tuesday, March 29, 2016",10:32 AM
mail.aryadip.sarkar,Tuesday,12:51,"Tuesday, March 29, 2016",12:51 PM
mail.aryadip.sarkar,Tuesday,12:51,"Tuesday, March 29, 2016",12:51 PM
mail.aryadip.sarkar,Tuesday,13:32,"Tuesday, March 29, 2016",1:32 PM
mail.aryadip.sarkar,Tuesday,15:44,"Tuesday, March 29, 2016",3:44 PM
mail.aryadip.sarkar,Wednesday,2:26,"Wednesday, March 30, 2016",2:26 AM
mail.aryadip.sarkar,Wednesday,4:57,"Wednesday, March 30, 2016",4:57 AM
mail.aryadip.sarkar,Wednesday,4:57,"Wednesday, March 30, 2016",4:57 AM
mail.aryadip.sarkar,Wednesday,7:08,"Wednesday, March 30, 2016",7:08 AM
mail.aryadip.sarkar,Wednesday,7:27,"Wednesday, March 30, 2016",7:27 AM
mail.aryadip.sarkar,Wednesday,12:50,"Wednesday, March 30, 2016",12:50 PM
mail.aryadip.sarkar,Wednesday,12:59,"Wednesday, March 30, 2016",12:59 PM
mail.aryadip.sarkar,Wednesday,12:59,"Wednesday, March 30, 2016",12:59 PM
mail.aryadip.sarkar,Wednesday,18:28,"Wednesday, March 30, 2016",6:28 PM
mail.aryadip.sarkar,Thursday,4:52,"Thursday, March 31, 2016",4:52 AM
mail.aryadip.sarkar,Thursday,4:52,"Thursday, March 31, 2016",4:52 AM
mail.aryadip.sarkar,Thursday,5:05,"Thursday, March 31, 2016",5:05 AM
mail.aryadip.sarkar,Thursday,7:04,"Thursday, March 31, 2016",7:04 AM
mail.aryadip.sarkar,Thursday,7:27,"Thursday, March 31, 2016",7:27 AM
mail.aryadip.sarkar,Thursday,9:42,"Thursday, March 31, 2016",9:42 AM
mail.aryadip.sarkar,Thursday,10:40,"Thursday, March 31, 2016",10:40 AM
mail.aryadip.sarkar,Thursday,14:06,"Thursday, March 31, 2016",2:06 PM
mail.aryadip.sarkar,Thursday,16:45,"Thursday, March 31, 2016",4:45 PM
mail.aryadip.sarkar,Thursday,17:20,"Thursday, March 31, 2016",5:20 PM
mail.aryadip.sarkar,Thursday,18:50,"Thursday, March 31, 2016",6:50 PM
mail.aryadip.sarkar,Thursday,19:23,"Thursday, March 31, 2016",7:23 PM
aryadip.sarkar,Friday,4:14,"Friday, April 1, 2016",4:14 AM
aryadip.sarkar,Friday,4:50,"Friday, April 1, 2016",4:50 AM
aryadip.sarkar,Friday,4:50,"Friday, April 1, 2016",4:50 AM
aryadip.sarkar,Friday,6:57,"Friday, April 1, 2016",6:57 AM
aryadip.sarkar,Friday,7:14,"Friday, April 1, 2016",7:14 AM
aryadip.sarkar,Friday,8:07,"Friday, April 1, 2016",8:07 AM
aryadip.sarkar,Friday,8:21,"Friday, April 1, 2016",8:21 AM
aryadip.sarkar,Friday,10:17,"Friday, April 1, 2016",10:17 AM
aryadip.sarkar,Friday,14:01,"Friday, April 1, 2016",2:01 PM
aryadip.sarkar,Friday,20:46,"Friday, April 1, 2016",8:46 PM
aryadip.sarkar,Friday,21:28,"Friday, April 1, 2016",9:28 PM
aryadip.sarkar,Friday,21:43,"Friday, April 1, 2016",9:43 PM
aryadip.sarkar,Friday,23:58,"Friday, April 1, 2016",11:58 PM
aryadip.sarkar,Saturday,4:30,"Saturday, April 2, 2016",4:30 AM
aryadip.sarkar,Saturday,5:08,"Saturday, April 2, 2016",5:08 AM
aryadip.sarkar,Saturday,5:08,"Saturday, April 2, 2016",5:08 AM
aryadip.sarkar,Saturday,5:33,"Saturday, April 2, 2016",5:33 AM
aryadip.sarkar,Saturday,7:44,"Saturday, April 2, 2016",7:44 AM
aryadip.sarkar,Saturday,16:32,"Saturday, April 2, 2016",4:32 PM
aryadip.sarkar,Saturday,17:40,"Saturday, April 2, 2016",5:40 PM
aryadip.sarkar,Saturday,19:47,"Saturday, April 2, 2016",7:47 PM
aryadip.sarkar,Saturday,20:50,"Saturday, April 2, 2016",8:50 PM
aryadip.sarkar,Sunday,5:16,"Sunday, April 3, 2016",5:16 AM
aryadip.sarkar,Sunday,7:02,"Sunday, April 3, 2016",7:02 AM
aryadip.sarkar,Sunday,7:10,"Sunday, April 3, 2016",7:10 AM
aryadip.sarkar,Sunday,10:11,"Sunday, April 3, 2016",10:11 AM
aryadip.sarkar,Sunday,10:11,"Sunday, April 3, 2016",10:11 AM
aryadip.sarkar,Sunday,13:14,"Sunday, April 3, 2016",1:14 PM
aryadip.sarkar,Sunday,15:32,"Sunday, April 3, 2016",3:32 PM
aryadip.sarkar,Sunday,15:32,"Sunday, April 3, 2016",3:32 PM
aryadip.sarkar,Monday,4:00,"Monday, April 4, 2016",4:00 AM
aryadip.sarkar,Monday,4:13,"Monday, April 4, 2016",4:13 AM
aryadip.sarkar,Monday,4:52,"Monday, April 4, 2016",4:52 AM
aryadip.sarkar,Monday,4:52,"Monday, April 4, 2016",4:52 AM
aryadip.sarkar,Monday,6:56,"Monday, April 4, 2016",6:56 AM
aryadip.sarkar,Monday,7:07,"Monday, April 4, 2016",7:07 AM
aryadip.sarkar,Monday,8:39,"Monday, April 4, 2016",8:39 AM
aryadip.sarkar,Monday,13:44,"Monday, April 4, 2016",1:44 PM
aryadip.sarkar,Monday,14:37,"Monday, April 4, 2016",2:37 PM
aryadip.sarkar,Monday,15:01,"Monday, April 4, 2016",3:01 PM
aryadip.sarkar,Monday,18:59,"Monday, April 4, 2016",6:59 PM
aryadip.sarkar,Monday,19:50,"Monday, April 4, 2016",7:50 PM
aryadip.sarkar,Monday,20:25,"Monday, April 4, 2016",8:25 PM
aryadip.sarkar,Monday,21:00,"Monday, April 4, 2016",9:00 PM
aryadip.sarkar,Tuesday,0:12,"Tuesday, April 5, 2016",12:12 AM
aryadip.sarkar,Tuesday,5:01,"Tuesday, April 5, 2016",5:01 AM
aryadip.sarkar,Tuesday,5:01,"Tuesday, April 5, 2016",5:01 AM
aryadip.sarkar,Tuesday,7:09,"Tuesday, April 5, 2016",7:09 AM
aryadip.sarkar,Tuesday,7:16,"Tuesday, April 5, 2016",7:16 AM
aryadip.sarkar,Tuesday,7:49,"Tuesday, April 5, 2016",7:49 AM
aryadip.sarkar,Tuesday,9:59,"Tuesday, April 5, 2016",9:59 AM
aryadip.sarkar,Tuesday,13:48,"Tuesday, April 5, 2016",1:48 PM
aryadip.sarkar,Tuesday,16:12,"Tuesday, April 5, 2016",4:12 PM
aryadip.sarkar,Tuesday,16:48,"Tuesday, April 5, 2016",4:48 PM
aryadip.sarkar,Wednesday,4:30,"Wednesday, April 6, 2016",4:30 AM
aryadip.sarkar,Wednesday,4:51,"Wednesday, April 6, 2016",4:51 AM
aryadip.sarkar,Wednesday,4:51,"Wednesday, April 6, 2016",4:51 AM
aryadip.sarkar,Wednesday,7:04,"Wednesday, April 6, 2016",7:04 AM
aryadip.sarkar,Wednesday,8:10,"Wednesday, April 6, 2016",8:10 AM
aryadip.sarkar,Wednesday,19:02,"Wednesday, April 6, 2016",7:02 PM
aryadip.sarkar,Wednesday,22:52,"Wednesday, April 6, 2016",10:52 PM
aryadip.sarkar,Thursday,4:42,"Thursday, April 7, 2016",4:42 AM
aryadip.sarkar,Thursday,4:42,"Thursday, April 7, 2016",4:42 AM
aryadip.sarkar,Thursday,5:06,"Thursday, April 7, 2016",5:06 AM
aryadip.sarkar,Thursday,7:44,"Thursday, April 7, 2016",7:44 AM
aryadip.sarkar,Thursday,7:46,"Thursday, April 7, 2016",7:46 AM
aryadip.sarkar,Thursday,10:57,"Thursday, April 7, 2016",10:57 AM
aryadip.sarkar,Thursday,13:39,"Thursday, April 7, 2016",1:39 PM
aryadip.sarkar,Thursday,14:10,"Thursday, April 7, 2016",2:10 PM
aryadip.sarkar,Thursday,19:23,"Thursday, April 7, 2016",7:23 PM
aryadip.sarkar,Thursday,21:41,"Thursday, April 7, 2016",9:41 PM
aryadip.sarkar,Friday,5:08,"Friday, April 8, 2016",5:08 AM
aryadip.sarkar,Friday,5:08,"Friday, April 8, 2016",5:08 AM
aryadip.sarkar,Friday,6:05,"Friday, April 8, 2016",6:05 AM
aryadip.sarkar,Friday,7:20,"Friday, April 8, 2016",7:20 AM
aryadip.sarkar,Friday,7:29,"Friday, April 8, 2016",7:29 AM
aryadip.sarkar,Friday,8:22,"Friday, April 8, 2016",8:22 AM
aryadip.sarkar,Friday,10:30,"Friday, April 8, 2016",10:30 AM
aryadip.sarkar,Friday,10:46,"Friday, April 8, 2016",10:46 AM
aryadip.sarkar,Friday,12:32,"Friday, April 8, 2016",12:32 PM
aryadip.sarkar,Friday,12:43,"Friday, April 8, 2016",12:43 PM
aryadip.sarkar,Friday,12:47,"Friday, April 8, 2016",12:47 PM
aryadip.sarkar,Friday,13:10,"Friday, April 8, 2016",1:10 PM
aryadip.sarkar,Friday,13:26,"Friday, April 8, 2016",1:26 PM
aryadip.sarkar,Friday,19:20,"Friday, April 8, 2016",7:20 PM
aryadip.sarkar,Friday,22:35,"Friday, April 8, 2016",10:35 PM
aryadip.sarkar,Saturday,4:44,"Saturday, April 9, 2016",4:44 AM
aryadip.sarkar,Saturday,4:44,"Saturday, April 9, 2016",4:44 AM
aryadip.sarkar,Saturday,4:44,"Saturday, April 9, 2016",4:44 AM
aryadip.sarkar,Saturday,4:54,"Saturday, April 9, 2016",4:54 AM
aryadip.sarkar,Saturday,5:50,"Saturday, April 9, 2016",5:50 AM
aryadip.sarkar,Saturday,7:11,"Saturday, April 9, 2016",7:11 AM
aryadip.sarkar,Saturday,7:23,"Saturday, April 9, 2016",7:23 AM
aryadip.sarkar,Saturday,10:05,"Saturday, April 9, 2016",10:05 AM
aryadip.sarkar,Saturday,12:19,"Saturday, April 9, 2016",12:19 PM
aryadip.sarkar,Saturday,13:08,"Saturday, April 9, 2016",1:08 PM
aryadip.sarkar,Saturday,18:17,"Saturday, April 9, 2016",6:17 PM
aryadip.sarkar,Saturday,20:01,"Saturday, April 9, 2016",8:01 PM
aryadip.sarkar,Sunday,7:32,"Sunday, April 10, 2016",7:32 AM
aryadip.sarkar,Sunday,7:59,"Sunday, April 10, 2016",7:59 AM
aryadip.sarkar,Sunday,7:59,"Sunday, April 10, 2016",7:59 AM
aryadip.sarkar,Sunday,9:04,"Sunday, April 10, 2016",9:04 AM
aryadip.sarkar,Sunday,17:02,"Sunday, April 10, 2016",5:02 PM
aryadip.sarkar,Sunday,17:02,"Sunday, April 10, 2016",5:02 PM
aryadip.sarkar,Monday,4:10,"Monday, April 11, 2016",4:10 AM
aryadip.sarkar,Monday,4:47,"Monday, April 11, 2016",4:47 AM
aryadip.sarkar,Monday,7:28,"Monday, April 11, 2016",7:28 AM
aryadip.sarkar,Monday,8:46,"Monday, April 11, 2016",8:46 AM
aryadip.sarkar,Monday,10:16,"Monday, April 11, 2016",10:16 AM
aryadip.sarkar,Monday,12:12,"Monday, April 11, 2016",12:12 PM
aryadip.sarkar,Monday,13:09,"Monday, April 11, 2016",1:09 PM
aryadip.sarkar,Monday,15:00,"Monday, April 11, 2016",3:00 PM
aryadip.sarkar,Monday,16:16,"Monday, April 11, 2016",4:16 PM
aryadip.sarkar,Monday,19:24,"Monday, April 11, 2016",7:24 PM
aryadip.sarkar,Monday,19:48,"Monday, April 11, 2016",7:48 PM
aryadip.sarkar,Monday,19:48,"Monday, April 11, 2016",7:48 PM
aryadip.sarkar,Monday,20:52,"Monday, April 11, 2016",8:52 PM
aryadip.sarkar,Tuesday,2:06,"Tuesday, April 12, 2016",2:06 AM
aryadip.sarkar,Tuesday,4:57,"Tuesday, April 12, 2016",4:57 AM
aryadip.sarkar,Tuesday,4:57,"Tuesday, April 12, 2016",4:57 AM
aryadip.sarkar,Tuesday,4:57,"Tuesday, April 12, 2016",4:57 AM
aryadip.sarkar,Tuesday,6:31,"Tuesday, April 12, 2016",6:31 AM
aryadip.sarkar,Tuesday,7:42,"Tuesday, April 12, 2016",7:42 AM
aryadip.sarkar,Tuesday,9:35,"Tuesday, April 12, 2016",9:35 AM
aryadip.sarkar,Tuesday,10:46,"Tuesday, April 12, 2016",10:46 AM
aryadip.sarkar,Tuesday,10:52,"Tuesday, April 12, 2016",10:52 AM
aryadip.sarkar,Tuesday,11:00,"Tuesday, April 12, 2016",11:00 AM
aryadip.sarkar,Tuesday,13:11,"Tuesday, April 12, 2016",1:11 PM
aryadip.sarkar,Tuesday,13:13,"Tuesday, April 12, 2016",1:13 PM
aryadip.sarkar,Tuesday,16:04,"Tuesday, April 12, 2016",4:04 PM
aryadip.sarkar,Tuesday,19:23,"Tuesday, April 12, 2016",7:23 PM
aryadip.sarkar,Tuesday,19:23,"Tuesday, April 12, 2016",7:23 PM
aryadip.sarkar,Tuesday,21:20,"Tuesday, April 12, 2016",9:20 PM
aryadip.sarkar,Tuesday,21:49,"Tuesday, April 12, 2016",9:49 PM
aryadip.sarkar,Wednesday,2:09,"Wednesday, April 13, 2016",2:09 AM
aryadip.sarkar,Wednesday,4:59,"Wednesday, April 13, 2016",4:59 AM
aryadip.sarkar,Wednesday,4:59,"Wednesday, April 13, 2016",4:59 AM
aryadip.sarkar,Wednesday,6:53,"Wednesday, April 13, 2016",6:53 AM
aryadip.sarkar,Wednesday,6:59,"Wednesday, April 13, 2016",6:59 AM
aryadip.sarkar,Wednesday,7:45,"Wednesday, April 13, 2016",7:45 AM
aryadip.sarkar,Wednesday,11:23,"Wednesday, April 13, 2016",11:23 AM
aryadip.sarkar,Wednesday,16:51,"Wednesday, April 13, 2016",4:51 PM
aryadip.sarkar,Wednesday,17:56,"Wednesday, April 13, 2016",5:56 PM
aryadip.sarkar,Wednesday,21:48,"Wednesday, April 13, 2016",9:48 PM
aryadip.sarkar,Wednesday,21:48,"Wednesday, April 13, 2016",9:48 PM
aryadip.sarkar,Wednesday,22:26,"Wednesday, April 13, 2016",10:26 PM
aryadip.sarkar,Thursday,4:01,"Thursday, April 14, 2016",4:01 AM
aryadip.sarkar,Thursday,4:59,"Thursday, April 14, 2016",4:59 AM
aryadip.sarkar,Thursday,4:59,"Thursday, April 14, 2016",4:59 AM
aryadip.sarkar,Thursday,5:08,"Thursday, April 14, 2016",5:08 AM
aryadip.sarkar,Thursday,6:48,"Thursday, April 14, 2016",6:48 AM
aryadip.sarkar,Thursday,8:51,"Thursday, April 14, 2016",8:51 AM
aryadip.sarkar,Thursday,11:06,"Thursday, April 14, 2016",11:06 AM
aryadip.sarkar,Thursday,12:08,"Thursday, April 14, 2016",12:08 PM
aryadip.sarkar,Thursday,12:08,"Thursday, April 14, 2016",12:08 PM
aryadip.sarkar,Thursday,14:00,"Thursday, April 14, 2016",2:00 PM
aryadip.sarkar,Thursday,14:15,"Thursday, April 14, 2016",2:15 PM
aryadip.sarkar,Thursday,19:28,"Thursday, April 14, 2016",7:28 PM
aryadip.sarkar,Thursday,21:10,"Thursday, April 14, 2016",9:10 PM
aryadip.sarkar,Thursday,21:10,"Thursday, April 14, 2016",9:10 PM
aryadip.sarkar,Thursday,22:56,"Thursday, April 14, 2016",10:56 PM
aryadip.sarkar,Friday,4:14,"Friday, April 15, 2016",4:14 AM
aryadip.sarkar,Friday,4:56,"Friday, April 15, 2016",4:56 AM
aryadip.sarkar,Friday,4:56,"Friday, April 15, 2016",4:56 AM
aryadip.sarkar,Friday,6:52,"Friday, April 15, 2016",6:52 AM
aryadip.sarkar,Friday,7:40,"Friday, April 15, 2016",7:40 AM
aryadip.sarkar,Friday,9:49,"Friday, April 15, 2016",9:49 AM
aryadip.sarkar,Friday,10:56,"Friday, April 15, 2016",10:56 AM
aryadip.sarkar,Friday,13:17,"Friday, April 15, 2016",1:17 PM
aryadip.sarkar,Saturday,0:08,"Saturday, April 16, 2016",12:08 AM
aryadip.sarkar,Saturday,0:08,"Saturday, April 16, 2016",12:08 AM
aryadip.sarkar,Saturday,5:07,"Saturday, April 16, 2016",5:07 AM
aryadip.sarkar,Saturday,5:08,"Saturday, April 16, 2016",5:08 AM
aryadip.sarkar,Saturday,5:08,"Saturday, April 16, 2016",5:08 AM
aryadip.sarkar,Saturday,5:29,"Saturday, April 16, 2016",5:29 AM
aryadip.sarkar,Saturday,6:12,"Saturday, April 16, 2016",6:12 AM
aryadip.sarkar,Saturday,7:05,"Saturday, April 16, 2016",7:05 AM
aryadip.sarkar,Saturday,8:07,"Saturday, April 16, 2016",8:07 AM
aryadip.sarkar,Saturday,10:36,"Saturday, April 16, 2016",10:36 AM
aryadip.sarkar,Saturday,13:20,"Saturday, April 16, 2016",1:20 PM
aryadip.sarkar,Saturday,19:25,"Saturday, April 16, 2016",7:25 PM
aryadip.sarkar,Saturday,19:32,"Saturday, April 16, 2016",7:32 PM
asarka7.uic,Saturday,20:37,"Saturday, April 16, 2016",8:37 PM
asarka7.uic,Sunday,6:49,"Sunday, April 17, 2016",6:49 AM
asarka7.uic,Sunday,7:24,"Sunday, April 17, 2016",7:24 AM
asarka7.uic,Sunday,8:11,"Sunday, April 17, 2016",8:11 AM
asarka7.uic,Sunday,10:10,"Sunday, April 17, 2016",10:10 AM
asarka7.uic,Sunday,10:10,"Sunday, April 17, 2016",10:10 AM
asarka7.uic,Sunday,13:20,"Sunday, April 17, 2016",1:20 PM
asarka7.uic,Sunday,16:11,"Sunday, April 17, 2016",4:11 PM
asarka7.uic,Sunday,17:31,"Sunday, April 17, 2016",5:31 PM
asarka7.uic,Sunday,17:31,"Sunday, April 17, 2016",5:31 PM
asarka7.uic,Monday,0:49,"Monday, April 18, 2016",12:49 AM
asarka7.uic,Monday,4:15,"Monday, April 18, 2016",4:15 AM
asarka7.uic,Monday,4:23,"Monday, April 18, 2016",4:23 AM
asarka7.uic,Monday,4:59,"Monday, April 18, 2016",4:59 AM
asarka7.uic,Monday,4:59,"Monday, April 18, 2016",4:59 AM
asarka7.uic,Monday,6:52,"Monday, April 18, 2016",6:52 AM
asarka7.uic,Monday,7:50,"Monday, April 18, 2016",7:50 AM
asarka7.uic,Monday,9:02,"Monday, April 18, 2016",9:02 AM
asarka7.uic,Monday,11:42,"Monday, April 18, 2016",11:42 AM
asarka7.uic,Monday,12:58,"Monday, April 18, 2016",12:58 PM
asarka7.uic,Monday,13:18,"Monday, April 18, 2016",1:18 PM
asarka7.uic,Monday,15:02,"Monday, April 18, 2016",3:02 PM
asarka7.uic,Monday,18:34,"Monday, April 18, 2016",6:34 PM
asarka7.uic,Monday,19:45,"Monday, April 18, 2016",7:45 PM
asarka7.uic,Monday,20:30,"Monday, April 18, 2016",8:30 PM
asarka7.uic,Monday,20:44,"Monday, April 18, 2016",8:44 PM
asarka7.uic,Monday,21:45,"Monday, April 18, 2016",9:45 PM
asarka7.uic,Tuesday,0:06,"Tuesday, April 19, 2016",12:06 AM
asarka7.uic,Tuesday,2:09,"Tuesday, April 19, 2016",2:09 AM
asarka7.uic,Tuesday,5:09,"Tuesday, April 19, 2016",5:09 AM
asarka7.uic,Tuesday,5:09,"Tuesday, April 19, 2016",5:09 AM
asarka7.uic,Tuesday,5:09,"Tuesday, April 19, 2016",5:09 AM
asarka7.uic,Tuesday,7:11,"Tuesday, April 19, 2016",7:11 AM
asarka7.uic,Tuesday,10:05,"Tuesday, April 19, 2016",10:05 AM
asarka7.uic,Tuesday,10:57,"Tuesday, April 19, 2016",10:57 AM
asarka7.uic,Tuesday,12:54,"Tuesday, April 19, 2016",12:54 PM
asarka7.uic,Tuesday,14:55,"Tuesday, April 19, 2016",2:55 PM
asarka7.uic,Tuesday,16:58,"Tuesday, April 19, 2016",4:58 PM
asarka7.uic,Tuesday,17:51,"Tuesday, April 19, 2016",5:51 PM
asarka7.uic,Tuesday,20:14,"Tuesday, April 19, 2016",8:14 PM
asarka7.uic,Tuesday,21:19,"Tuesday, April 19, 2016",9:19 PM
asarka7.uic,Tuesday,22:47,"Tuesday, April 19, 2016",10:47 PM
asarka7.uic,Wednesday,4:52,"Wednesday, April 20, 2016",4:52 AM
asarka7.uic,Wednesday,4:52,"Wednesday, April 20, 2016",4:52 AM
asarka7.uic,Wednesday,5:28,"Wednesday, April 20, 2016",5:28 AM
asarka7.uic,Wednesday,7:01,"Wednesday, April 20, 2016",7:01 AM
asarka7.uic,Wednesday,9:04,"Wednesday, April 20, 2016",9:04 AM
asarka7.uic,Wednesday,10:31,"Wednesday, April 20, 2016",10:31 AM
asarka7.uic,Wednesday,10:59,"Wednesday, April 20, 2016",10:59 AM
asarka7.uic,Wednesday,11:31,"Wednesday, April 20, 2016",11:31 AM
asarka7.uic,Wednesday,12:39,"Wednesday, April 20, 2016",12:39 PM
asarka7.uic,Wednesday,13:43,"Wednesday, April 20, 2016",1:43 PM
asarka7.uic,Wednesday,15:38,"Wednesday, April 20, 2016",3:38 PM
asarka7.uic,Wednesday,15:38,"Wednesday, April 20, 2016",3:38 PM
asarka7.uic,Thursday,4:48,"Thursday, April 21, 2016",4:48 AM
asarka7.uic,Thursday,4:48,"Thursday, April 21, 2016",4:48 AM
asarka7.uic,Thursday,5:05,"Thursday, April 21, 2016",5:05 AM
asarka7.uic,Thursday,6:34,"Thursday, April 21, 2016",6:34 AM
asarka7.uic,Thursday,6:48,"Thursday, April 21, 2016",6:48 AM
asarka7.uic,Thursday,8:35,"Thursday, April 21, 2016",8:35 AM
asarka7.uic,Thursday,11:10,"Thursday, April 21, 2016",11:10 AM
asarka7.uic,Thursday,11:36,"Thursday, April 21, 2016",11:36 AM
asarka7.uic,Thursday,14:09,"Thursday, April 21, 2016",2:09 PM
asarka7.uic,Thursday,16:33,"Thursday, April 21, 2016",4:33 PM
asarka7.uic,Thursday,19:28,"Thursday, April 21, 2016",7:28 PM
asarka7.uic,Thursday,21:36,"Thursday, April 21, 2016",9:36 PM
asarka7.uic,Thursday,22:35,"Thursday, April 21, 2016",10:35 PM
asarka7.uic,Thursday,22:35,"Thursday, April 21, 2016",10:35 PM
asarka7.uic,Friday,4:15,"Friday, April 22, 2016",4:15 AM
asarka7.uic,Friday,4:47,"Friday, April 22, 2016",4:47 AM
asarka7.uic,Friday,4:47,"Friday, April 22, 2016",4:47 AM
asarka7.uic,Friday,6:53,"Friday, April 22, 2016",6:53 AM
asarka7.uic,Friday,7:01,"Friday, April 22, 2016",7:01 AM
asarka7.uic,Friday,9:52,"Friday, April 22, 2016",9:52 AM
asarka7.uic,Friday,10:05,"Friday, April 22, 2016",10:05 AM
asarka7.uic,Friday,11:22,"Friday, April 22, 2016",11:22 AM
asarka7.uic,Friday,17:05,"Friday, April 22, 2016",5:05 PM
asarka7.uic,Friday,17:05,"Friday, April 22, 2016",5:05 PM
asarka7.uic,Friday,17:34,"Friday, April 22, 2016",5:34 PM
asarka7.uic,Friday,19:48,"Friday, April 22, 2016",7:48 PM
asarka7.uic,Saturday,5:12,"Saturday, April 23, 2016",5:12 AM
asarka7.uic,Saturday,5:16,"Saturday, April 23, 2016",5:16 AM
asarka7.uic,Saturday,5:16,"Saturday, April 23, 2016",5:16 AM
asarka7.uic,Saturday,6:28,"Saturday, April 23, 2016",6:28 AM
asarka7.uic,Saturday,6:34,"Saturday, April 23, 2016",6:34 AM
asarka7.uic,Saturday,6:47,"Saturday, April 23, 2016",6:47 AM
asarka7.uic,Saturday,12:32,"Saturday, April 23, 2016",12:32 PM
asarka7.uic,Saturday,12:55,"Saturday, April 23, 2016",12:55 PM
asarka7.uic,Saturday,19:11,"Saturday, April 23, 2016",7:11 PM
asarka7.uic,Saturday,19:52,"Saturday, April 23, 2016",7:52 PM
asarka7.uic,Saturday,20:57,"Saturday, April 23, 2016",8:57 PM
asarka7.uic,Sunday,6:47,"Sunday, April 24, 2016",6:47 AM
asarka7.uic,Sunday,10:05,"Sunday, April 24, 2016",10:05 AM
asarka7.uic,Monday,4:01,"Monday, April 25, 2016",4:01 AM
asarka7.uic,Monday,4:10,"Monday, April 25, 2016",4:10 AM
asarka7.uic,Monday,4:34,"Monday, April 25, 2016",4:34 AM
asarka7.uic,Monday,4:36,"Monday, April 25, 2016",4:36 AM
asarka7.uic,Monday,6:33,"Monday, April 25, 2016",6:33 AM
asarka7.uic,Monday,6:48,"Monday, April 25, 2016",6:48 AM
asarka7.uic,Monday,9:25,"Monday, April 25, 2016",9:25 AM
asarka7.uic,Monday,9:43,"Monday, April 25, 2016",9:43 AM
asarka7.uic,Monday,11:47,"Monday, April 25, 2016",11:47 AM
asarka7.uic,Monday,12:45,"Monday, April 25, 2016",12:45 PM
asarka7.uic,Monday,13:19,"Monday, April 25, 2016",1:19 PM
asarka7.uic,Monday,15:01,"Monday, April 25, 2016",3:01 PM
asarka7.uic,Monday,19:25,"Monday, April 25, 2016",7:25 PM
asarka7.uic,Monday,19:49,"Monday, April 25, 2016",7:49 PM
asarka7.uic,Monday,19:50,"Monday, April 25, 2016",7:50 PM
asarka7.uic,Tuesday,3:04,"Tuesday, April 26, 2016",3:04 AM
asarka7.uic,Tuesday,4:58,"Tuesday, April 26, 2016",4:58 AM
asarka7.uic,Tuesday,4:58,"Tuesday, April 26, 2016",4:58 AM
asarka7.uic,Tuesday,4:58,"Tuesday, April 26, 2016",4:58 AM
asarka7.uic,Tuesday,7:14,"Tuesday, April 26, 2016",7:14 AM
asarka7.uic,Tuesday,9:40,"Tuesday, April 26, 2016",9:40 AM
asarka7.uic,Tuesday,10:05,"Tuesday, April 26, 2016",10:05 AM
asarka7.uic,Tuesday,10:33,"Tuesday, April 26, 2016",10:33 AM
asarka7.uic,Tuesday,11:17,"Tuesday, April 26, 2016",11:17 AM
asarka7.uic,Tuesday,21:31,"Tuesday, April 26, 2016",9:31 PM
asarka7.uic,Wednesday,4:55,"Wednesday, April 27, 2016",4:55 AM
asarka7.uic,Wednesday,4:55,"Wednesday, April 27, 2016",4:55 AM
asarka7.uic,Wednesday,10:49,"Wednesday, April 27, 2016",10:49 AM
asarka7.uic,Wednesday,12:40,"Wednesday, April 27, 2016",12:40 PM
asarka7.uic,Wednesday,16:29,"Wednesday, April 27, 2016",4:29 PM
asarka7.uic,Wednesday,22:34,"Wednesday, April 27, 2016",10:34 PM
asarka7.uic,Thursday,4:52,"Thursday, April 28, 2016",4:52 AM
asarka7.uic,Thursday,4:52,"Thursday, April 28, 2016",4:52 AM
asarka7.uic,Thursday,4:52,"Thursday, April 28, 2016",4:52 AM
asarka7.uic,Thursday,5:03,"Thursday, April 28, 2016",5:03 AM
asarka7.uic,Thursday,8:01,"Thursday, April 28, 2016",8:01 AM
asarka7.uic,Thursday,9:02,"Thursday, April 28, 2016",9:02 AM
asarka7.uic,Thursday,11:13,"Thursday, April 28, 2016",11:13 AM
asarka7.uic,Thursday,12:12,"Thursday, April 28, 2016",12:12 PM
asarka7.uic,Thursday,14:22,"Thursday, April 28, 2016",2:22 PM
asarka7.uic,Thursday,19:29,"Thursday, April 28, 2016",7:29 PM
asarka7.uic,Thursday,21:18,"Thursday, April 28, 2016",9:18 PM
asarka7.uic,Friday,5:16,"Friday, April 29, 2016",5:16 AM
asarka7.uic,Friday,5:16,"Friday, April 29, 2016",5:16 AM
asarka7.uic,Friday,7:32,"Friday, April 29, 2016",7:32 AM
asarka7.uic,Friday,10:16,"Friday, April 29, 2016",10:16 AM
asarka7.uic,Friday,10:54,"Friday, April 29, 2016",10:54 AM
asarka7.uic,Friday,11:15,"Friday, April 29, 2016",11:15 AM
asarka7.uic,Friday,13:25,"Friday, April 29, 2016",1:25 PM
asarka7.uic,Friday,15:11,"Friday, April 29, 2016",3:11 PM
asarka7.uic,Friday,20:22,"Friday, April 29, 2016",8:22 PM
asarka7.uic,Saturday,5:55,"Saturday, April 30, 2016",5:55 AM
asarka7.uic,Saturday,7:47,"Saturday, April 30, 2016",7:47 AM
asarka7.uic,Saturday,7:47,"Saturday, April 30, 2016",7:47 AM
asarka7.uic,Saturday,7:47,"Saturday, April 30, 2016",7:47 AM
asarka7.uic,Saturday,7:47,"Saturday, April 30, 2016",7:47 AM
asarka7.uic,Saturday,17:49,"Saturday, April 30, 2016",5:49 PM
asarka7.uic,Saturday,21:01,"Saturday, April 30, 2016",9:01 PM
asarka7.uic,Saturday,21:27,"Saturday, April 30, 2016",9:27 PM
asarka7.uic,Saturday,22:09,"Saturday, April 30, 2016",10:09 PM
asarka7.uic,Sunday,16:41,"Sunday, May 1, 2016",4:41 PM
asarka7.uic,Monday,1:56,"Monday, May 2, 2016",1:56 AM
asarka7.uic,Monday,4:09,"Monday, May 2, 2016",4:09 AM
asarka7.uic,Monday,4:47,"Monday, May 2, 2016",4:47 AM
asarka7.uic,Monday,6:46,"Monday, May 2, 2016",6:46 AM
asarka7.uic,Monday,7:03,"Monday, May 2, 2016",7:03 AM
asarka7.uic,Monday,11:00,"Monday, May 2, 2016",11:00 AM
asarka7.uic,Monday,15:09,"Monday, May 2, 2016",3:09 PM
asarka7.uic,Monday,19:26,"Monday, May 2, 2016",7:26 PM
asarka7.uic,Tuesday,1:51,"Tuesday, May 3, 2016",1:51 AM
asarka7.uic,Tuesday,1:51,"Tuesday, May 3, 2016",1:51 AM
asarka7.uic,Tuesday,3:05,"Tuesday, May 3, 2016",3:05 AM
asarka7.uic,Tuesday,3:36,"Tuesday, May 3, 2016",3:36 AM
asarka7.uic,Tuesday,7:12,"Tuesday, May 3, 2016",7:12 AM
asarka7.uic,Tuesday,7:29,"Tuesday, May 3, 2016",7:29 AM
asarka7.uic,Tuesday,8:31,"Tuesday, May 3, 2016",8:31 AM
asarka7.uic,Tuesday,10:05,"Tuesday, May 3, 2016",10:05 AM
asarka7.uic,Tuesday,21:11,"Tuesday, May 3, 2016",9:11 PM
asarka7.uic,Tuesday,21:45,"Tuesday, May 3, 2016",9:45 PM
asarka7.uic,Tuesday,21:45,"Tuesday, May 3, 2016",9:45 PM
asarka7.uic,Wednesday,2:15,"Wednesday, May 4, 2016",2:15 AM
asarka7.uic,Wednesday,4:18,"Wednesday, May 4, 2016",4:18 AM
asarka7.uic,Wednesday,6:56,"Wednesday, May 4, 2016",6:56 AM
asarka7.uic,Wednesday,13:20,"Wednesday, May 4, 2016",1:20 PM
asarka7.uic,Wednesday,17:06,"Wednesday, May 4, 2016",5:06 PM
asarka7.uic,Wednesday,17:06,"Wednesday, May 4, 2016",5:06 PM
asarka7.uic,Wednesday,18:14,"Wednesday, May 4, 2016",6:14 PM
asarka7.uic,Wednesday,21:59,"Wednesday, May 4, 2016",9:59 PM
asarka7.uic,Thursday,5:05,"Thursday, May 5, 2016",5:05 AM
asarka7.uic,Thursday,6:48,"Thursday, May 5, 2016",6:48 AM
asarka7.uic,Thursday,9:57,"Thursday, May 5, 2016",9:57 AM
asarka7.uic,Thursday,10:39,"Thursday, May 5, 2016",10:39 AM
asarka7.uic,Thursday,12:27,"Thursday, May 5, 2016",12:27 PM
asarka7.uic,Thursday,12:42,"Thursday, May 5, 2016",12:42 PM
asarka7.uic,Thursday,12:42,"Thursday, May 5, 2016",12:42 PM
asarka7.uic,Thursday,13:19,"Thursday, May 5, 2016",1:19 PM
asarka7.uic,Thursday,13:36,"Thursday, May 5, 2016",1:36 PM
asarka7.uic,Thursday,14:24,"Thursday, May 5, 2016",2:24 PM
asarka7.uic,Thursday,19:30,"Thursday, May 5, 2016",7:30 PM
asarka7.uic,Thursday,22:04,"Thursday, May 5, 2016",10:04 PM
asarka7.uic,Friday,6:43,"Friday, May 6, 2016",6:43 AM
asarka7.uic,Friday,7:47,"Friday, May 6, 2016",7:47 AM
asarka7.uic,Friday,7:47,"Friday, May 6, 2016",7:47 AM
asarka7.uic,Friday,7:47,"Friday, May 6, 2016",7:47 AM
asarka7.uic,Friday,7:47,"Friday, May 6, 2016",7:47 AM
asarka7.uic,Friday,10:52,"Friday, May 6, 2016",10:52 AM
asarka7.uic,Friday,15:35,"Friday, May 6, 2016",3:35 PM
asarka7.uic,Friday,21:15,"Friday, May 6, 2016",9:15 PM
asarka7.uic,Saturday,1:58,"Saturday, May 7, 2016",1:58 AM
asarka7.uic,Saturday,4:30,"Saturday, May 7, 2016",4:30 AM
asarka7.uic,Saturday,4:30,"Saturday, May 7, 2016",4:30 AM
asarka7.uic,Saturday,4:30,"Saturday, May 7, 2016",4:30 AM
asarka7.uic,Saturday,5:56,"Saturday, May 7, 2016",5:56 AM
asarka7.uic,Saturday,6:53,"Saturday, May 7, 2016",6:53 AM
mail.aryadip.sarkar,Saturday,7:30,"Saturday, May 7, 2016",7:30 AM
mail.aryadip.sarkar,Saturday,10:05,"Saturday, May 7, 2016",10:05 AM
mail.aryadip.sarkar,Saturday,10:19,"Saturday, May 7, 2016",10:19 AM
mail.aryadip.sarkar,Saturday,15:13,"Saturday, May 7, 2016",3:13 PM
mail.aryadip.sarkar,Sunday,1:14,"Sunday, May 8, 2016",1:14 AM
mail.aryadip.sarkar,Sunday,6:55,"Sunday, May 8, 2016",6:55 AM
mail.aryadip.sarkar,Sunday,9:32,"Sunday, May 8, 2016",9:32 AM
mail.aryadip.sarkar,Sunday,10:22,"Sunday, May 8, 2016",10:22 AM
mail.aryadip.sarkar,Sunday,11:00,"Sunday, May 8, 2016",11:00 AM
mail.aryadip.sarkar,Monday,4:02,"Monday, May 9, 2016",4:02 AM
mail.aryadip.sarkar,Monday,5:27,"Monday, May 9, 2016",5:27 AM
mail.aryadip.sarkar,Monday,6:42,"Monday, May 9, 2016",6:42 AM
mail.aryadip.sarkar,Monday,15:00,"Monday, May 9, 2016",3:00 PM
mail.aryadip.sarkar,Monday,15:14,"Monday, May 9, 2016",3:14 PM
mail.aryadip.sarkar,Monday,17:25,"Monday, May 9, 2016",5:25 PM
mail.aryadip.sarkar,Monday,17:29,"Monday, May 9, 2016",5:29 PM
mail.aryadip.sarkar,Monday,19:18,"Monday, May 9, 2016",7:18 PM
mail.aryadip.sarkar,Monday,19:26,"Monday, May 9, 2016",7:26 PM
mail.aryadip.sarkar,Monday,20:52,"Monday, May 9, 2016",8:52 PM
mail.aryadip.sarkar,Tuesday,3:07,"Tuesday, May 10, 2016",3:07 AM
mail.aryadip.sarkar,Tuesday,4:10,"Tuesday, May 10, 2016",4:10 AM
mail.aryadip.sarkar,Tuesday,4:19,"Tuesday, May 10, 2016",4:19 AM
mail.aryadip.sarkar,Tuesday,4:19,"Tuesday, May 10, 2016",4:19 AM
mail.aryadip.sarkar,Tuesday,4:19,"Tuesday, May 10, 2016",4:19 AM
mail.aryadip.sarkar,Tuesday,10:25,"Tuesday, May 10, 2016",10:25 AM
mail.aryadip.sarkar,Tuesday,10:27,"Tuesday, May 10, 2016",10:27 AM
mail.aryadip.sarkar,Tuesday,10:53,"Tuesday, May 10, 2016",10:53 AM
mail.aryadip.sarkar,Tuesday,11:31,"Tuesday, May 10, 2016",11:31 AM
mail.aryadip.sarkar,Tuesday,14:32,"Tuesday, May 10, 2016",2:32 PM
mail.aryadip.sarkar,Tuesday,21:09,"Tuesday, May 10, 2016",9:09 PM
mail.aryadip.sarkar,Wednesday,2:15,"Wednesday, May 11, 2016",2:15 AM
mail.aryadip.sarkar,Wednesday,3:25,"Wednesday, May 11, 2016",3:25 AM
mail.aryadip.sarkar,Wednesday,3:25,"Wednesday, May 11, 2016",3:25 AM
mail.aryadip.sarkar,Wednesday,3:25,"Wednesday, May 11, 2016",3:25 AM
mail.aryadip.sarkar,Wednesday,4:21,"Wednesday, May 11, 2016",4:21 AM
mail.aryadip.sarkar,Wednesday,6:25,"Wednesday, May 11, 2016",6:25 AM
mail.aryadip.sarkar,Wednesday,7:22,"Wednesday, May 11, 2016",7:22 AM
mail.aryadip.sarkar,Wednesday,7:52,"Wednesday, May 11, 2016",7:52 AM
mail.aryadip.sarkar,Wednesday,9:02,"Wednesday, May 11, 2016",9:02 AM
mail.aryadip.sarkar,Wednesday,10:05,"Wednesday, May 11, 2016",10:05 AM
mail.aryadip.sarkar,Wednesday,12:23,"Wednesday, May 11, 2016",12:23 PM
mail.aryadip.sarkar,Wednesday,13:29,"Wednesday, May 11, 2016",1:29 PM
mail.aryadip.sarkar,Wednesday,22:44,"Wednesday, May 11, 2016",10:44 PM
mail.aryadip.sarkar,Thursday,3:10,"Thursday, May 12, 2016",3:10 AM
mail.aryadip.sarkar,Thursday,3:10,"Thursday, May 12, 2016",3:10 AM
mail.aryadip.sarkar,Thursday,3:10,"Thursday, May 12, 2016",3:10 AM
mail.aryadip.sarkar,Thursday,4:28,"Thursday, May 12, 2016",4:28 AM
mail.aryadip.sarkar,Thursday,4:28,"Thursday, May 12, 2016",4:28 AM
mail.aryadip.sarkar,Thursday,5:03,"Thursday, May 12, 2016",5:03 AM
mail.aryadip.sarkar,Thursday,6:29,"Thursday, May 12, 2016",6:29 AM
mail.aryadip.sarkar,Thursday,6:49,"Thursday, May 12, 2016",6:49 AM
mail.aryadip.sarkar,Thursday,6:49,"Thursday, May 12, 2016",6:49 AM
mail.aryadip.sarkar,Thursday,9:37,"Thursday, May 12, 2016",9:37 AM
mail.aryadip.sarkar,Thursday,10:39,"Thursday, May 12, 2016",10:39 AM
mail.aryadip.sarkar,Thursday,10:42,"Thursday, May 12, 2016",10:42 AM
mail.aryadip.sarkar,Thursday,10:49,"Thursday, May 12, 2016",10:49 AM
mail.aryadip.sarkar,Thursday,12:06,"Thursday, May 12, 2016",12:06 PM
mail.aryadip.sarkar,Thursday,14:18,"Thursday, May 12, 2016",2:18 PM
mail.aryadip.sarkar,Thursday,15:25,"Thursday, May 12, 2016",3:25 PM
mail.aryadip.sarkar,Thursday,16:03,"Thursday, May 12, 2016",4:03 PM
mail.aryadip.sarkar,Thursday,16:31,"Thursday, May 12, 2016",4:31 PM
mail.aryadip.sarkar,Thursday,19:32,"Thursday, May 12, 2016",7:32 PM
mail.aryadip.sarkar,Thursday,21:08,"Thursday, May 12, 2016",9:08 PM
mail.aryadip.sarkar,Thursday,22:25,"Thursday, May 12, 2016",10:25 PM
mail.aryadip.sarkar,Friday,3:48,"Friday, May 13, 2016",3:48 AM
mail.aryadip.sarkar,Friday,4:18,"Friday, May 13, 2016",4:18 AM
mail.aryadip.sarkar,Friday,14:02,"Friday, May 13, 2016",2:02 PM
mail.aryadip.sarkar,Friday,14:10,"Friday, May 13, 2016",2:10 PM
mail.aryadip.sarkar,Friday,14:17,"Friday, May 13, 2016",2:17 PM
mail.aryadip.sarkar,Friday,16:14,"Friday, May 13, 2016",4:14 PM
mail.aryadip.sarkar,Friday,22:00,"Friday, May 13, 2016",10:00 PM
mail.aryadip.sarkar,Saturday,3:34,"Saturday, May 14, 2016",3:34 AM
mail.aryadip.sarkar,Saturday,5:46,"Saturday, May 14, 2016",5:46 AM
mail.aryadip.sarkar,Saturday,9:57,"Saturday, May 14, 2016",9:57 AM
mail.aryadip.sarkar,Saturday,10:46,"Saturday, May 14, 2016",10:46 AM
mail.aryadip.sarkar,Saturday,10:58,"Saturday, May 14, 2016",10:58 AM
mail.aryadip.sarkar,Saturday,14:34,"Saturday, May 14, 2016",2:34 PM
mail.aryadip.sarkar,Saturday,16:20,"Saturday, May 14, 2016",4:20 PM
mail.aryadip.sarkar,Saturday,19:29,"Saturday, May 14, 2016",7:29 PM
mail.aryadip.sarkar,Sunday,4:07,"Sunday, May 15, 2016",4:07 AM
mail.aryadip.sarkar,Sunday,6:42,"Sunday, May 15, 2016",6:42 AM
mail.aryadip.sarkar,Sunday,7:31,"Sunday, May 15, 2016",7:31 AM
aryadip.sarkar,Sunday,9:54,"Sunday, May 15, 2016",9:54 AM
aryadip.sarkar,Sunday,9:54,"Sunday, May 15, 2016",9:54 AM
aryadip.sarkar,Sunday,13:50,"Sunday, May 15, 2016",1:50 PM
aryadip.sarkar,Monday,3:27,"Monday, May 16, 2016",3:27 AM
aryadip.sarkar,Monday,3:27,"Monday, May 16, 2016",3:27 AM
aryadip.sarkar,Monday,4:08,"Monday, May 16, 2016",4:08 AM
aryadip.sarkar,Monday,6:11,"Monday, May 16, 2016",6:11 AM
aryadip.sarkar,Monday,6:56,"Monday, May 16, 2016",6:56 AM
aryadip.sarkar,Monday,9:39,"Monday, May 16, 2016",9:39 AM
aryadip.sarkar,Monday,10:05,"Monday, May 16, 2016",10:05 AM
aryadip.sarkar,Monday,14:22,"Monday, May 16, 2016",2:22 PM
aryadip.sarkar,Monday,15:00,"Monday, May 16, 2016",3:00 PM
aryadip.sarkar,Monday,17:05,"Monday, May 16, 2016",5:05 PM
aryadip.sarkar,Monday,19:52,"Monday, May 16, 2016",7:52 PM
aryadip.sarkar,Tuesday,3:38,"Tuesday, May 17, 2016",3:38 AM
aryadip.sarkar,Tuesday,3:38,"Tuesday, May 17, 2016",3:38 AM
aryadip.sarkar,Tuesday,5:48,"Tuesday, May 17, 2016",5:48 AM
aryadip.sarkar,Tuesday,7:14,"Tuesday, May 17, 2016",7:14 AM
aryadip.sarkar,Tuesday,8:57,"Tuesday, May 17, 2016",8:57 AM
aryadip.sarkar,Tuesday,10:34,"Tuesday, May 17, 2016",10:34 AM
aryadip.sarkar,Tuesday,14:49,"Tuesday, May 17, 2016",2:49 PM
aryadip.sarkar,Tuesday,19:23,"Tuesday, May 17, 2016",7:23 PM
aryadip.sarkar,Tuesday,21:20,"Tuesday, May 17, 2016",9:20 PM
aryadip.sarkar,Tuesday,23:23,"Tuesday, May 17, 2016",11:23 PM
aryadip.sarkar,Wednesday,3:52,"Wednesday, May 18, 2016",3:52 AM
aryadip.sarkar,Wednesday,3:53,"Wednesday, May 18, 2016",3:53 AM
aryadip.sarkar,Wednesday,4:14,"Wednesday, May 18, 2016",4:14 AM
aryadip.sarkar,Wednesday,6:48,"Wednesday, May 18, 2016",6:48 AM
aryadip.sarkar,Wednesday,7:15,"Wednesday, May 18, 2016",7:15 AM
aryadip.sarkar,Wednesday,9:47,"Wednesday, May 18, 2016",9:47 AM
aryadip.sarkar,Wednesday,10:05,"Wednesday, May 18, 2016",10:05 AM
aryadip.sarkar,Wednesday,11:02,"Wednesday, May 18, 2016",11:02 AM
aryadip.sarkar,Wednesday,11:30,"Wednesday, May 18, 2016",11:30 AM
aryadip.sarkar,Wednesday,11:48,"Wednesday, May 18, 2016",11:48 AM
aryadip.sarkar,Wednesday,11:51,"Wednesday, May 18, 2016",11:51 AM
asarka7.uic,Wednesday,12:06,"Wednesday, May 18, 2016",12:06 PM
asarka7.uic,Wednesday,13:57,"Wednesday, May 18, 2016",1:57 PM
asarka7.uic,Wednesday,15:21,"Wednesday, May 18, 2016",3:21 PM
asarka7.uic,Thursday,1:32,"Thursday, May 19, 2016",1:32 AM
asarka7.uic,Thursday,1:32,"Thursday, May 19, 2016",1:32 AM
asarka7.uic,Thursday,1:32,"Thursday, May 19, 2016",1:32 AM
asarka7.uic,Thursday,5:07,"Thursday, May 19, 2016",5:07 AM
asarka7.uic,Thursday,6:43,"Thursday, May 19, 2016",6:43 AM
asarka7.uic,Thursday,7:34,"Thursday, May 19, 2016",7:34 AM
asarka7.uic,Thursday,7:46,"Thursday, May 19, 2016",7:46 AM
asarka7.uic,Thursday,10:36,"Thursday, May 19, 2016",10:36 AM
asarka7.uic,Thursday,12:05,"Thursday, May 19, 2016",12:05 PM
asarka7.uic,Thursday,15:13,"Thursday, May 19, 2016",3:13 PM
asarka7.uic,Thursday,16:12,"Thursday, May 19, 2016",4:12 PM
asarka7.uic,Thursday,16:38,"Thursday, May 19, 2016",4:38 PM
asarka7.uic,Thursday,16:45,"Thursday, May 19, 2016",4:45 PM
asarka7.uic,Thursday,19:35,"Thursday, May 19, 2016",7:35 PM
asarka7.uic,Thursday,19:50,"Thursday, May 19, 2016",7:50 PM
asarka7.uic,Thursday,20:40,"Thursday, May 19, 2016",8:40 PM
asarka7.uic,Thursday,20:50,"Thursday, May 19, 2016",8:50 PM
asarka7.uic,Thursday,22:00,"Thursday, May 19, 2016",10:00 PM
asarka7.uic,Friday,2:35,"Friday, May 20, 2016",2:35 AM
asarka7.uic,Friday,2:51,"Friday, May 20, 2016",2:51 AM
asarka7.uic,Friday,6:36,"Friday, May 20, 2016",6:36 AM
asarka7.uic,Friday,7:56,"Friday, May 20, 2016",7:56 AM
asarka7.uic,Friday,8:18,"Friday, May 20, 2016",8:18 AM
asarka7.uic,Friday,8:27,"Friday, May 20, 2016",8:27 AM
asarka7.uic,Friday,9:52,"Friday, May 20, 2016",9:52 AM
asarka7.uic,Friday,11:43,"Friday, May 20, 2016",11:43 AM
asarka7.uic,Friday,13:37,"Friday, May 20, 2016",1:37 PM
asarka7.uic,Friday,14:21,"Friday, May 20, 2016",2:21 PM
asarka7.uic,Friday,14:29,"Friday, May 20, 2016",2:29 PM
asarka7.uic,Friday,21:38,"Friday, May 20, 2016",9:38 PM
asarka7.uic,Friday,23:56,"Friday, May 20, 2016",11:56 PM
asarka7.uic,Saturday,2:25,"Saturday, May 21, 2016",2:25 AM
asarka7.uic,Saturday,3:58,"Saturday, May 21, 2016",3:58 AM
asarka7.uic,Saturday,5:53,"Saturday, May 21, 2016",5:53 AM
asarka7.uic,Saturday,7:12,"Saturday, May 21, 2016",7:12 AM
asarka7.uic,Saturday,7:23,"Saturday, May 21, 2016",7:23 AM
asarka7.uic,Saturday,11:09,"Saturday, May 21, 2016",11:09 AM
asarka7.uic,Saturday,12:59,"Saturday, May 21, 2016",12:59 PM
asarka7.uic,Sunday,0:35,"Sunday, May 22, 2016",12:35 AM
asarka7.uic,Sunday,4:45,"Sunday, May 22, 2016",4:45 AM
asarka7.uic,Sunday,5:55,"Sunday, May 22, 2016",5:55 AM
asarka7.uic,Sunday,6:31,"Sunday, May 22, 2016",6:31 AM
asarka7.uic,Sunday,17:04,"Sunday, May 22, 2016",5:04 PM
asarka7.uic,Monday,4:07,"Monday, May 23, 2016",4:07 AM
asarka7.uic,Monday,6:34,"Monday, May 23, 2016",6:34 AM
asarka7.uic,Monday,7:41,"Monday, May 23, 2016",7:41 AM
asarka7.uic,Monday,8:23,"Monday, May 23, 2016",8:23 AM
asarka7.uic,Monday,8:49,"Monday, May 23, 2016",8:49 AM
asarka7.uic,Monday,9:23,"Monday, May 23, 2016",9:23 AM
asarka7.uic,Monday,9:41,"Monday, May 23, 2016",9:41 AM
asarka7.uic,Monday,13:21,"Monday, May 23, 2016",1:21 PM
asarka7.uic,Monday,14:35,"Monday, May 23, 2016",2:35 PM
asarka7.uic,Monday,15:41,"Monday, May 23, 2016",3:41 PM
asarka7.uic,Monday,16:13,"Monday, May 23, 2016",4:13 PM
asarka7.uic,Monday,17:10,"Monday, May 23, 2016",5:10 PM
asarka7.uic,Monday,19:53,"Monday, May 23, 2016",7:53 PM
mail.aryadip.sarkar,Monday,20:17,"Monday, May 23, 2016",8:17 PM
mail.aryadip.sarkar,Monday,20:27,"Monday, May 23, 2016",8:27 PM
mail.aryadip.sarkar,Monday,22:39,"Monday, May 23, 2016",10:39 PM
mail.aryadip.sarkar,Tuesday,5:36,"Tuesday, May 24, 2016",5:36 AM
mail.aryadip.sarkar,Tuesday,6:47,"Tuesday, May 24, 2016",6:47 AM
mail.aryadip.sarkar,Tuesday,7:14,"Tuesday, May 24, 2016",7:14 AM
mail.aryadip.sarkar,Tuesday,9:53,"Tuesday, May 24, 2016",9:53 AM
mail.aryadip.sarkar,Tuesday,10:03,"Tuesday, May 24, 2016",10:03 AM
mail.aryadip.sarkar,Tuesday,10:31,"Tuesday, May 24, 2016",10:31 AM
mail.aryadip.sarkar,Tuesday,13:10,"Tuesday, May 24, 2016",1:10 PM
mail.aryadip.sarkar,Tuesday,13:56,"Tuesday, May 24, 2016",1:56 PM
mail.aryadip.sarkar,Tuesday,15:40,"Tuesday, May 24, 2016",3:40 PM
mail.aryadip.sarkar,Tuesday,15:59,"Tuesday, May 24, 2016",3:59 PM
mail.aryadip.sarkar,Tuesday,16:10,"Tuesday, May 24, 2016",4:10 PM
asarka7.uic,Monday,5:59,"Monday, June 13, 2016",5:59 AM
asarka7.uic,Monday,6:24,"Monday, June 13, 2016",6:24 AM
asarka7.uic,Monday,6:39,"Monday, June 13, 2016",6:39 AM
asarka7.uic,Monday,7:11,"Monday, June 13, 2016",7:11 AM
asarka7.uic,Monday,10:09,"Monday, June 13, 2016",10:09 AM
asarka7.uic,Monday,11:21,"Monday, June 13, 2016",11:21 AM
asarka7.uic,Monday,12:52,"Monday, June 13, 2016",12:52 PM
asarka7.uic,Monday,13:13,"Monday, June 13, 2016",1:13 PM
asarka7.uic,Monday,13:52,"Monday, June 13, 2016",1:52 PM
asarka7.uic,Monday,14:18,"Monday, June 13, 2016",2:18 PM
asarka7.uic,Monday,15:00,"Monday, June 13, 2016",3:00 PM
asarka7.uic,Monday,20:26,"Monday, June 13, 2016",8:26 PM
asarka7.uic,Monday,21:31,"Monday, June 13, 2016",9:31 PM
asarka7.uic,Tuesday,3:41,"Tuesday, June 14, 2016",3:41 AM
asarka7.uic,Tuesday,7:06,"Tuesday, June 14, 2016",7:06 AM
asarka7.uic,Tuesday,8:14,"Tuesday, June 14, 2016",8:14 AM
asarka7.uic,Tuesday,10:16,"Tuesday, June 14, 2016",10:16 AM
asarka7.uic,Tuesday,10:46,"Tuesday, June 14, 2016",10:46 AM
asarka7.uic,Tuesday,10:48,"Tuesday, June 14, 2016",10:48 AM
asarka7.uic,Tuesday,13:28,"Tuesday, June 14, 2016",1:28 PM
asarka7.uic,Tuesday,13:28,"Tuesday, June 14, 2016",1:28 PM
asarka7.uic,Tuesday,13:52,"Tuesday, June 14, 2016",1:52 PM
asarka7.uic,Tuesday,15:28,"Tuesday, June 14, 2016",3:28 PM
asarka7.uic,Tuesday,23:06,"Tuesday, June 14, 2016",11:06 PM
asarka7.uic,Wednesday,3:38,"Wednesday, June 15, 2016",3:38 AM
asarka7.uic,Wednesday,4:17,"Wednesday, June 15, 2016",4:17 AM
asarka7.uic,Wednesday,5:08,"Wednesday, June 15, 2016",5:08 AM
asarka7.uic,Wednesday,7:09,"Wednesday, June 15, 2016",7:09 AM
asarka7.uic,Wednesday,8:14,"Wednesday, June 15, 2016",8:14 AM
asarka7.uic,Wednesday,8:42,"Wednesday, June 15, 2016",8:42 AM
asarka7.uic,Wednesday,9:18,"Wednesday, June 15, 2016",9:18 AM
asarka7.uic,Wednesday,10:20,"Wednesday, June 15, 2016",10:20 AM
asarka7.uic,Wednesday,17:00,"Wednesday, June 15, 2016",5:00 PM
mail.aryadip.sarkar,Thursday,3:14,"Thursday, June 16, 2016",3:14 AM
mail.aryadip.sarkar,Thursday,4:32,"Thursday, June 16, 2016",4:32 AM
mail.aryadip.sarkar,Thursday,5:04,"Thursday, June 16, 2016",5:04 AM
mail.aryadip.sarkar,Thursday,7:00,"Thursday, June 16, 2016",7:00 AM
mail.aryadip.sarkar,Thursday,7:03,"Thursday, June 16, 2016",7:03 AM
mail.aryadip.sarkar,Thursday,8:07,"Thursday, June 16, 2016",8:07 AM
mail.aryadip.sarkar,Thursday,9:16,"Thursday, June 16, 2016",9:16 AM
mail.aryadip.sarkar,Thursday,9:21,"Thursday, June 16, 2016",9:21 AM
mail.aryadip.sarkar,Thursday,14:48,"Thursday, June 16, 2016",2:48 PM
mail.aryadip.sarkar,Thursday,14:48,"Thursday, June 16, 2016",2:48 PM
mail.aryadip.sarkar,Thursday,15:32,"Thursday, June 16, 2016",3:32 PM
mail.aryadip.sarkar,Thursday,16:07,"Thursday, June 16, 2016",4:07 PM
mail.aryadip.sarkar,Thursday,16:14,"Thursday, June 16, 2016",4:14 PM
mail.aryadip.sarkar,Thursday,16:45,"Thursday, June 16, 2016",4:45 PM
mail.aryadip.sarkar,Thursday,17:29,"Thursday, June 16, 2016",5:29 PM
mail.aryadip.sarkar,Thursday,17:31,"Thursday, June 16, 2016",5:31 PM
mail.aryadip.sarkar,Thursday,20:03,"Thursday, June 16, 2016",8:03 PM
mail.aryadip.sarkar,Friday,1:16,"Friday, June 17, 2016",1:16 AM
mail.aryadip.sarkar,Friday,3:42,"Friday, June 17, 2016",3:42 AM
mail.aryadip.sarkar,Friday,7:03,"Friday, June 17, 2016",7:03 AM
mail.aryadip.sarkar,Friday,7:06,"Friday, June 17, 2016",7:06 AM
mail.aryadip.sarkar,Friday,11:09,"Friday, June 17, 2016",11:09 AM
mail.aryadip.sarkar,Friday,14:33,"Friday, June 17, 2016",2:33 PM
mail.aryadip.sarkar,Friday,14:44,"Friday, June 17, 2016",2:44 PM
mail.aryadip.sarkar,Saturday,3:04,"Saturday, June 18, 2016",3:04 AM
mail.aryadip.sarkar,Saturday,5:49,"Saturday, June 18, 2016",5:49 AM
mail.aryadip.sarkar,Saturday,7:08,"Saturday, June 18, 2016",7:08 AM
mail.aryadip.sarkar,Saturday,7:52,"Saturday, June 18, 2016",7:52 AM
mail.aryadip.sarkar,Saturday,10:27,"Saturday, June 18, 2016",10:27 AM
mail.aryadip.sarkar,Saturday,15:25,"Saturday, June 18, 2016",3:25 PM
mail.aryadip.sarkar,Sunday,3:49,"Sunday, June 19, 2016",3:49 AM
mail.aryadip.sarkar,Sunday,3:59,"Sunday, June 19, 2016",3:59 AM
mail.aryadip.sarkar,Sunday,7:05,"Sunday, June 19, 2016",7:05 AM
mail.aryadip.sarkar,Sunday,7:31,"Sunday, June 19, 2016",7:31 AM
mail.aryadip.sarkar,Sunday,11:08,"Sunday, June 19, 2016",11:08 AM
mail.aryadip.sarkar,Sunday,13:35,"Sunday, June 19, 2016",1:35 PM
mail.aryadip.sarkar,Monday,4:08,"Monday, June 20, 2016",4:08 AM
mail.aryadip.sarkar,Monday,4:51,"Monday, June 20, 2016",4:51 AM
mail.aryadip.sarkar,Monday,6:11,"Monday, June 20, 2016",6:11 AM
mail.aryadip.sarkar,Monday,6:52,"Monday, June 20, 2016",6:52 AM
mail.aryadip.sarkar,Monday,7:02,"Monday, June 20, 2016",7:02 AM
mail.aryadip.sarkar,Monday,7:19,"Monday, June 20, 2016",7:19 AM
mail.aryadip.sarkar,Monday,7:27,"Monday, June 20, 2016",7:27 AM
mail.aryadip.sarkar,Monday,7:51,"Monday, June 20, 2016",7:51 AM
mail.aryadip.sarkar,Monday,10:17,"Monday, June 20, 2016",10:17 AM
mail.aryadip.sarkar,Monday,13:29,"Monday, June 20, 2016",1:29 PM
mail.aryadip.sarkar,Monday,14:17,"Monday, June 20, 2016",2:17 PM
mail.aryadip.sarkar,Monday,14:17,"Monday, June 20, 2016",2:17 PM
mail.aryadip.sarkar,Monday,15:01,"Monday, June 20, 2016",3:01 PM
mail.aryadip.sarkar,Monday,17:25,"Monday, June 20, 2016",5:25 PM
mail.aryadip.sarkar,Monday,20:33,"Monday, June 20, 2016",8:33 PM
mail.aryadip.sarkar,Monday,22:31,"Monday, June 20, 2016",10:31 PM
mail.aryadip.sarkar,Tuesday,5:46,"Tuesday, June 21, 2016",5:46 AM
mail.aryadip.sarkar,Tuesday,6:20,"Tuesday, June 21, 2016",6:20 AM
mail.aryadip.sarkar,Tuesday,9:45,"Tuesday, June 21, 2016",9:45 AM
mail.aryadip.sarkar,Tuesday,10:40,"Tuesday, June 21, 2016",10:40 AM
mail.aryadip.sarkar,Tuesday,15:30,"Tuesday, June 21, 2016",3:30 PM
mail.aryadip.sarkar,Tuesday,15:30,"Tuesday, June 21, 2016",3:30 PM
mail.aryadip.sarkar,Tuesday,23:55,"Tuesday, June 21, 2016",11:55 PM
mail.aryadip.sarkar,Wednesday,1:26,"Wednesday, June 22, 2016",1:26 AM
mail.aryadip.sarkar,Wednesday,4:12,"Wednesday, June 22, 2016",4:12 AM
mail.aryadip.sarkar,Wednesday,6:07,"Wednesday, June 22, 2016",6:07 AM
mail.aryadip.sarkar,Wednesday,6:20,"Wednesday, June 22, 2016",6:20 AM
mail.aryadip.sarkar,Wednesday,7:03,"Wednesday, June 22, 2016",7:03 AM
mail.aryadip.sarkar,Wednesday,9:31,"Wednesday, June 22, 2016",9:31 AM
mail.aryadip.sarkar,Wednesday,10:12,"Wednesday, June 22, 2016",10:12 AM
mail.aryadip.sarkar,Wednesday,15:14,"Wednesday, June 22, 2016",3:14 PM
mail.aryadip.sarkar,Wednesday,19:23,"Wednesday, June 22, 2016",7:23 PM
mail.aryadip.sarkar,Wednesday,23:21,"Wednesday, June 22, 2016",11:21 PM
mail.aryadip.sarkar,Thursday,0:39,"Thursday, June 23, 2016",12:39 AM
mail.aryadip.sarkar,Thursday,5:09,"Thursday, June 23, 2016",5:09 AM
mail.aryadip.sarkar,Thursday,6:13,"Thursday, June 23, 2016",6:13 AM
mail.aryadip.sarkar,Thursday,7:06,"Thursday, June 23, 2016",7:06 AM
mail.aryadip.sarkar,Thursday,10:34,"Thursday, June 23, 2016",10:34 AM
aryadip.sarkar,Thursday,12:16,"Thursday, June 23, 2016",12:16 PM
aryadip.sarkar,Thursday,15:55,"Thursday, June 23, 2016",3:55 PM
aryadip.sarkar,Thursday,17:08,"Thursday, June 23, 2016",5:08 PM
aryadip.sarkar,Thursday,17:49,"Thursday, June 23, 2016",5:49 PM
aryadip.sarkar,Thursday,20:07,"Thursday, June 23, 2016",8:07 PM
aryadip.sarkar,Friday,2:43,"Friday, June 24, 2016",2:43 AM
aryadip.sarkar,Friday,2:50,"Friday, June 24, 2016",2:50 AM
aryadip.sarkar,Friday,3:57,"Friday, June 24, 2016",3:57 AM
aryadip.sarkar,Friday,7:06,"Friday, June 24, 2016",7:06 AM
aryadip.sarkar,Friday,7:07,"Friday, June 24, 2016",7:07 AM
aryadip.sarkar,Friday,7:29,"Friday, June 24, 2016",7:29 AM
aryadip.sarkar,Friday,10:35,"Friday, June 24, 2016",10:35 AM
aryadip.sarkar,Friday,11:05,"Friday, June 24, 2016",11:05 AM
aryadip.sarkar,Friday,11:05,"Friday, June 24, 2016",11:05 AM
aryadip.sarkar,Friday,12:35,"Friday, June 24, 2016",12:35 PM
aryadip.sarkar,Friday,20:47,"Friday, June 24, 2016",8:47 PM
aryadip.sarkar,Friday,22:21,"Friday, June 24, 2016",10:21 PM
aryadip.sarkar,Saturday,3:14,"Saturday, June 25, 2016",3:14 AM
aryadip.sarkar,Saturday,4:53,"Saturday, June 25, 2016",4:53 AM
aryadip.sarkar,Saturday,5:50,"Saturday, June 25, 2016",5:50 AM
aryadip.sarkar,Saturday,5:55,"Saturday, June 25, 2016",5:55 AM
aryadip.sarkar,Saturday,6:36,"Saturday, June 25, 2016",6:36 AM
aryadip.sarkar,Saturday,10:21,"Saturday, June 25, 2016",10:21 AM
aryadip.sarkar,Saturday,11:09,"Saturday, June 25, 2016",11:09 AM
aryadip.sarkar,Saturday,11:09,"Saturday, June 25, 2016",11:09 AM
aryadip.sarkar,Saturday,17:41,"Saturday, June 25, 2016",5:41 PM
aryadip.sarkar,Sunday,6:36,"Sunday, June 26, 2016",6:36 AM
aryadip.sarkar,Monday,1:03,"Monday, June 27, 2016",1:03 AM
aryadip.sarkar,Monday,1:08,"Monday, June 27, 2016",1:08 AM
aryadip.sarkar,Monday,4:08,"Monday, June 27, 2016",4:08 AM
aryadip.sarkar,Monday,5:17,"Monday, June 27, 2016",5:17 AM
aryadip.sarkar,Monday,6:34,"Monday, June 27, 2016",6:34 AM
aryadip.sarkar,Monday,6:36,"Monday, June 27, 2016",6:36 AM
aryadip.sarkar,Monday,8:23,"Monday, June 27, 2016",8:23 AM
aryadip.sarkar,Monday,9:30,"Monday, June 27, 2016",9:30 AM
aryadip.sarkar,Monday,9:33,"Monday, June 27, 2016",9:33 AM
aryadip.sarkar,Monday,9:57,"Monday, June 27, 2016",9:57 AM
aryadip.sarkar,Monday,10:47,"Monday, June 27, 2016",10:47 AM
aryadip.sarkar,Monday,12:23,"Monday, June 27, 2016",12:23 PM
aryadip.sarkar,Monday,12:32,"Monday, June 27, 2016",12:32 PM
aryadip.sarkar,Monday,15:06,"Monday, June 27, 2016",3:06 PM
aryadip.sarkar,Monday,15:18,"Monday, June 27, 2016",3:18 PM
aryadip.sarkar,Monday,16:24,"Monday, June 27, 2016",4:24 PM
aryadip.sarkar,Monday,18:14,"Monday, June 27, 2016",6:14 PM
aryadip.sarkar,Monday,20:38,"Monday, June 27, 2016",8:38 PM
aryadip.sarkar,Monday,22:37,"Monday, June 27, 2016",10:37 PM
aryadip.sarkar,Tuesday,3:33,"Tuesday, June 28, 2016",3:33 AM
aryadip.sarkar,Tuesday,4:00,"Tuesday, June 28, 2016",4:00 AM
aryadip.sarkar,Tuesday,7:30,"Tuesday, June 28, 2016",7:30 AM
aryadip.sarkar,Tuesday,10:13,"Tuesday, June 28, 2016",10:13 AM
aryadip.sarkar,Tuesday,14:24,"Tuesday, June 28, 2016",2:24 PM
aryadip.sarkar,Tuesday,15:10,"Tuesday, June 28, 2016",3:10 PM
aryadip.sarkar,Tuesday,17:42,"Tuesday, June 28, 2016",5:42 PM
aryadip.sarkar,Tuesday,18:24,"Tuesday, June 28, 2016",6:24 PM
aryadip.sarkar,Tuesday,23:52,"Tuesday, June 28, 2016",11:52 PM
aryadip.sarkar,Wednesday,1:27,"Wednesday, June 29, 2016",1:27 AM
aryadip.sarkar,Wednesday,3:18,"Wednesday, June 29, 2016",3:18 AM
aryadip.sarkar,Wednesday,4:07,"Wednesday, June 29, 2016",4:07 AM
aryadip.sarkar,Wednesday,4:15,"Wednesday, June 29, 2016",4:15 AM
aryadip.sarkar,Wednesday,6:30,"Wednesday, June 29, 2016",6:30 AM
aryadip.sarkar,Wednesday,8:09,"Wednesday, June 29, 2016",8:09 AM
aryadip.sarkar,Wednesday,8:19,"Wednesday, June 29, 2016",8:19 AM
aryadip.sarkar,Wednesday,9:00,"Wednesday, June 29, 2016",9:00 AM
aryadip.sarkar,Wednesday,14:58,"Wednesday, June 29, 2016",2:58 PM
aryadip.sarkar,Wednesday,15:53,"Wednesday, June 29, 2016",3:53 PM
aryadip.sarkar,Thursday,0:31,"Thursday, June 30, 2016",12:31 AM
aryadip.sarkar,Thursday,2:08,"Thursday, June 30, 2016",2:08 AM
aryadip.sarkar,Thursday,5:07,"Thursday, June 30, 2016",5:07 AM
aryadip.sarkar,Thursday,10:27,"Thursday, June 30, 2016",10:27 AM
aryadip.sarkar,Thursday,11:09,"Thursday, June 30, 2016",11:09 AM
aryadip.sarkar,Thursday,14:53,"Thursday, June 30, 2016",2:53 PM
aryadip.sarkar,Thursday,15:02,"Thursday, June 30, 2016",3:02 PM
aryadip.sarkar,Thursday,17:16,"Thursday, June 30, 2016",5:16 PM
aryadip.sarkar,Thursday,17:58,"Thursday, June 30, 2016",5:58 PM
aryadip.sarkar,Thursday,20:16,"Thursday, June 30, 2016",8:16 PM
aryadip.sarkar,Thursday,22:30,"Thursday, June 30, 2016",10:30 PM
aryadip.sarkar,Friday,0:26,"Friday, July 1, 2016",12:26 AM
aryadip.sarkar,Friday,1:53,"Friday, July 1, 2016",1:53 AM
aryadip.sarkar,Friday,2:38,"Friday, July 1, 2016",2:38 AM
aryadip.sarkar,Friday,7:57,"Friday, July 1, 2016",7:57 AM
aryadip.sarkar,Friday,10:31,"Friday, July 1, 2016",10:31 AM
aryadip.sarkar,Friday,10:59,"Friday, July 1, 2016",10:59 AM
aryadip.sarkar,Friday,16:20,"Friday, July 1, 2016",4:20 PM
aryadip.sarkar,Friday,16:32,"Friday, July 1, 2016",4:32 PM
aryadip.sarkar,Friday,17:49,"Friday, July 1, 2016",5:49 PM
aryadip.sarkar,Friday,21:36,"Friday, July 1, 2016",9:36 PM
aryadip.sarkar,Friday,21:36,"Friday, July 1, 2016",9:36 PM
aryadip.sarkar,Saturday,1:21,"Saturday, July 2, 2016",1:21 AM
aryadip.sarkar,Saturday,1:55,"Saturday, July 2, 2016",1:55 AM
aryadip.sarkar,Saturday,6:49,"Saturday, July 2, 2016",6:49 AM
aryadip.sarkar,Saturday,7:25,"Saturday, July 2, 2016",7:25 AM
aryadip.sarkar,Saturday,22:38,"Saturday, July 2, 2016",10:38 PM
aryadip.sarkar,Sunday,3:44,"Sunday, July 3, 2016",3:44 AM
aryadip.sarkar,Sunday,6:42,"Sunday, July 3, 2016",6:42 AM
aryadip.sarkar,Monday,3:51,"Monday, July 4, 2016",3:51 AM
aryadip.sarkar,Monday,5:26,"Monday, July 4, 2016",5:26 AM
aryadip.sarkar,Monday,6:52,"Monday, July 4, 2016",6:52 AM
aryadip.sarkar,Monday,7:09,"Monday, July 4, 2016",7:09 AM
aryadip.sarkar,Monday,20:43,"Monday, July 4, 2016",8:43 PM
aryadip.sarkar,Tuesday,1:39,"Tuesday, July 5, 2016",1:39 AM
aryadip.sarkar,Tuesday,3:07,"Tuesday, July 5, 2016",3:07 AM
aryadip.sarkar,Tuesday,4:07,"Tuesday, July 5, 2016",4:07 AM
aryadip.sarkar,Tuesday,6:42,"Tuesday, July 5, 2016",6:42 AM
mail.aryadip.sarkar,Tuesday,6:56,"Tuesday, July 5, 2016",6:56 AM
mail.aryadip.sarkar,Tuesday,11:48,"Tuesday, July 5, 2016",11:48 AM
mail.aryadip.sarkar,Tuesday,14:41,"Tuesday, July 5, 2016",2:41 PM
mail.aryadip.sarkar,Tuesday,15:59,"Tuesday, July 5, 2016",3:59 PM
mail.aryadip.sarkar,Tuesday,16:22,"Tuesday, July 5, 2016",4:22 PM
mail.aryadip.sarkar,Wednesday,0:09,"Wednesday, July 6, 2016",12:09 AM
mail.aryadip.sarkar,Wednesday,1:28,"Wednesday, July 6, 2016",1:28 AM
mail.aryadip.sarkar,Wednesday,2:04,"Wednesday, July 6, 2016",2:04 AM
mail.aryadip.sarkar,Wednesday,7:39,"Wednesday, July 6, 2016",7:39 AM
mail.aryadip.sarkar,Wednesday,10:06,"Wednesday, July 6, 2016",10:06 AM
mail.aryadip.sarkar,Wednesday,11:00,"Wednesday, July 6, 2016",11:00 AM
mail.aryadip.sarkar,Wednesday,12:29,"Wednesday, July 6, 2016",12:29 PM
mail.aryadip.sarkar,Wednesday,12:29,"Wednesday, July 6, 2016",12:29 PM
mail.aryadip.sarkar,Wednesday,13:00,"Wednesday, July 6, 2016",1:00 PM
mail.aryadip.sarkar,Wednesday,15:45,"Wednesday, July 6, 2016",3:45 PM
mail.aryadip.sarkar,Wednesday,16:04,"Wednesday, July 6, 2016",4:04 PM
mail.aryadip.sarkar,Thursday,4:45,"Thursday, July 7, 2016",4:45 AM
mail.aryadip.sarkar,Thursday,5:07,"Thursday, July 7, 2016",5:07 AM
mail.aryadip.sarkar,Thursday,6:44,"Thursday, July 7, 2016",6:44 AM
mail.aryadip.sarkar,Thursday,7:03,"Thursday, July 7, 2016",7:03 AM
mail.aryadip.sarkar,Thursday,8:16,"Thursday, July 7, 2016",8:16 AM
mail.aryadip.sarkar,Thursday,10:55,"Thursday, July 7, 2016",10:55 AM
mail.aryadip.sarkar,Thursday,14:22,"Thursday, July 7, 2016",2:22 PM
mail.aryadip.sarkar,Thursday,14:22,"Thursday, July 7, 2016",2:22 PM
mail.aryadip.sarkar,Thursday,18:31,"Thursday, July 7, 2016",6:31 PM
mail.aryadip.sarkar,Thursday,20:17,"Thursday, July 7, 2016",8:17 PM
mail.aryadip.sarkar,Thursday,20:33,"Thursday, July 7, 2016",8:33 PM
mail.aryadip.sarkar,Friday,0:48,"Friday, July 8, 2016",12:48 AM
mail.aryadip.sarkar,Friday,3:12,"Friday, July 8, 2016",3:12 AM
mail.aryadip.sarkar,Friday,6:10,"Friday, July 8, 2016",6:10 AM
mail.aryadip.sarkar,Friday,6:41,"Friday, July 8, 2016",6:41 AM
mail.aryadip.sarkar,Friday,6:48,"Friday, July 8, 2016",6:48 AM
mail.aryadip.sarkar,Friday,7:08,"Friday, July 8, 2016",7:08 AM
mail.aryadip.sarkar,Friday,8:02,"Friday, July 8, 2016",8:02 AM
mail.aryadip.sarkar,Friday,12:20,"Friday, July 8, 2016",12:20 PM
mail.aryadip.sarkar,Friday,18:58,"Friday, July 8, 2016",6:58 PM
mail.aryadip.sarkar,Friday,23:44,"Friday, July 8, 2016",11:44 PM
mail.aryadip.sarkar,Saturday,1:30,"Saturday, July 9, 2016",1:30 AM
mail.aryadip.sarkar,Saturday,3:36,"Saturday, July 9, 2016",3:36 AM
mail.aryadip.sarkar,Saturday,3:57,"Saturday, July 9, 2016",3:57 AM
mail.aryadip.sarkar,Saturday,4:59,"Saturday, July 9, 2016",4:59 AM
mail.aryadip.sarkar,Saturday,6:50,"Saturday, July 9, 2016",6:50 AM
mail.aryadip.sarkar,Sunday,2:21,"Sunday, July 10, 2016",2:21 AM
mail.aryadip.sarkar,Sunday,6:57,"Sunday, July 10, 2016",6:57 AM
mail.aryadip.sarkar,Sunday,7:26,"Sunday, July 10, 2016",7:26 AM
mail.aryadip.sarkar,Sunday,11:12,"Sunday, July 10, 2016",11:12 AM
mail.aryadip.sarkar,Monday,2:08,"Monday, July 11, 2016",2:08 AM
mail.aryadip.sarkar,Monday,4:07,"Monday, July 11, 2016",4:07 AM
mail.aryadip.sarkar,Monday,5:26,"Monday, July 11, 2016",5:26 AM
mail.aryadip.sarkar,Monday,6:30,"Monday, July 11, 2016",6:30 AM
mail.aryadip.sarkar,Monday,7:13,"Monday, July 11, 2016",7:13 AM
mail.aryadip.sarkar,Monday,8:21,"Monday, July 11, 2016",8:21 AM
mail.aryadip.sarkar,Monday,9:01,"Monday, July 11, 2016",9:01 AM
mail.aryadip.sarkar,Monday,12:10,"Monday, July 11, 2016",12:10 PM
mail.aryadip.sarkar,Monday,20:57,"Monday, July 11, 2016",8:57 PM
mail.aryadip.sarkar,Tuesday,2:28,"Tuesday, July 12, 2016",2:28 AM
mail.aryadip.sarkar,Tuesday,5:06,"Tuesday, July 12, 2016",5:06 AM
mail.aryadip.sarkar,Tuesday,6:48,"Tuesday, July 12, 2016",6:48 AM
mail.aryadip.sarkar,Tuesday,7:21,"Tuesday, July 12, 2016",7:21 AM
mail.aryadip.sarkar,Tuesday,7:27,"Tuesday, July 12, 2016",7:27 AM
mail.aryadip.sarkar,Tuesday,16:13,"Tuesday, July 12, 2016",4:13 PM
mail.aryadip.sarkar,Tuesday,18:20,"Tuesday, July 12, 2016",6:20 PM
mail.aryadip.sarkar,Wednesday,1:29,"Wednesday, July 13, 2016",1:29 AM
mail.aryadip.sarkar,Wednesday,2:46,"Wednesday, July 13, 2016",2:46 AM
mail.aryadip.sarkar,Wednesday,2:50,"Wednesday, July 13, 2016",2:50 AM
mail.aryadip.sarkar,Wednesday,3:02,"Wednesday, July 13, 2016",3:02 AM
mail.aryadip.sarkar,Wednesday,4:17,"Wednesday, July 13, 2016",4:17 AM
mail.aryadip.sarkar,Wednesday,7:04,"Wednesday, July 13, 2016",7:04 AM
mail.aryadip.sarkar,Wednesday,8:58,"Wednesday, July 13, 2016",8:58 AM
mail.aryadip.sarkar,Wednesday,14:52,"Wednesday, July 13, 2016",2:52 PM
mail.aryadip.sarkar,Wednesday,14:52,"Wednesday, July 13, 2016",2:52 PM
mail.aryadip.sarkar,Thursday,2:25,"Thursday, July 14, 2016",2:25 AM
mail.aryadip.sarkar,Thursday,2:52,"Thursday, July 14, 2016",2:52 AM
mail.aryadip.sarkar,Thursday,5:11,"Thursday, July 14, 2016",5:11 AM
mail.aryadip.sarkar,Thursday,6:58,"Thursday, July 14, 2016",6:58 AM
mail.aryadip.sarkar,Thursday,7:38,"Thursday, July 14, 2016",7:38 AM
mail.aryadip.sarkar,Thursday,13:36,"Thursday, July 14, 2016",1:36 PM
mail.aryadip.sarkar,Thursday,13:36,"Thursday, July 14, 2016",1:36 PM
mail.aryadip.sarkar,Thursday,17:46,"Thursday, July 14, 2016",5:46 PM
mail.aryadip.sarkar,Thursday,18:11,"Thursday, July 14, 2016",6:11 PM
mail.aryadip.sarkar,Thursday,19:25,"Thursday, July 14, 2016",7:25 PM
asarka7.uic,Thursday,20:21,"Thursday, July 14, 2016",8:21 PM
asarka7.uic,Thursday,22:00,"Thursday, July 14, 2016",10:00 PM
asarka7.uic,Friday,0:47,"Friday, July 15, 2016",12:47 AM
asarka7.uic,Friday,0:48,"Friday, July 15, 2016",12:48 AM
asarka7.uic,Friday,1:54,"Friday, July 15, 2016",1:54 AM
asarka7.uic,Friday,2:00,"Friday, July 15, 2016",2:00 AM
asarka7.uic,Friday,3:04,"Friday, July 15, 2016",3:04 AM
asarka7.uic,Friday,6:51,"Friday, July 15, 2016",6:51 AM
asarka7.uic,Friday,7:09,"Friday, July 15, 2016",7:09 AM
asarka7.uic,Friday,18:19,"Friday, July 15, 2016",6:19 PM
